Variable / Field Name,Form Name,Section Header,Field Type,Field Label,"Choices, Calculations, OR Slider Labels",Field Note,Text Validation Type OR Show Slider Number,Text Validation Min,Text Validation Max,Identifier?,Branching Logic (Show field only if...),Required Field?,Custom Alignment,Question Number (surveys only),Matrix Group Name,Matrix Ranking?,Field Annotation
ketamine_hx,prescreening,Ask the participant the following:,yesno,Do you have a history of using ketamine recreationally?,,,,,,,,y,,,,,
ketamine_time,prescreening,,text,"Roughly, when was the last month and year you used ketamine?",,"If within the past 12 months, the patient is NOT eligible UNLESS it was for depression treatment. In this case, the treatment cannot have occurred within the past 3 months.",,,,,[ketamine_hx]=1,y,,,,,
overdose_hx,prescreening,,yesno,Do you have any history of opioid overdose?,,"If NO, the patient is NOT eligible.",,,,,,y,,,,,
random_user,randomization,,text,REDCap Username,,,,,,,,,,,,, @READONLY @USERNAME
random,randomization,To be completed by researcher when determination is made regarding participant randomization.,yesno,Was the patient randomized to the study?,,,,,,,,y,,,,,
scows_inchart,screening_cows,"***NOTE FOR RESEARCH TEAM***

If there is a recent COWS on file, the info in this form should be entered from the patient's medical record. ""Recent"" means the COWS was collected during the patient's current ED stay and the info therein is still representative of the patient's current symptoms.

If there is no recent COWS on file, one must be administered immediately after consent to determine full eligibility, and you should return to this form and enter the information obtained at that time.",radio,Is there a recent COWS available in the patient's medical record? Recent means collected during their current stay AND still representative of their current symptoms.,"1, Yes (enter below now) | 2, No (skip this form for now, administer COWS immediately after consent, return and enter)",,,,,,,y,,,,,
cows_rpr_pre,screening_cows,,radio,"<div class=""rich-text-field-label""><p>Resting Pulse Rate: <span style=""font-weight: normal;""><em>Measured after patient is sitting or lying for one minute</em></span></p></div>","0, 0 pulse rate 80 or below | 1, 1 pulse rate 81-100 | 2, 2 pulse rate 101-120 | 4, 4 pulse rate greater than 120",,,,,,,y,,,,,
cows_rpr_bpm_pre,screening_cows,,text,"<div class=""rich-text-field-label""><p>Resting Pulse Rate (beats/minute)</p></div>",,,,,,,[scows_inchart]=2,y,,,,,
cows_sweat_pre,screening_cows,,radio,"<div class=""rich-text-field-label""><p>Sweating: <span style=""font-weight: normal;""><em>over past 1/2 hour not accounted for by room temperature or patient activity</em></span></p></div>","0, 0 no report of chills or flushing | 1, 1 subjective report of chills or flushing | 2, 2 flushed or observable moistness on face | 3, 3 beads of sweat on brow or face | 4, 4 sweat streaming off face",,,,,,,y,,,,,
cows_restless_pre,screening_cows,,radio,"<div class=""rich-text-field-label""><p>Restlessness: <span style=""font-weight: normal;""><em>Observation during</em></span><em> <span style=""font-weight: normal;"">assessment</span></em></p></div>","0, 0 able to sit still | 1, 1 reports difficulty sitting still, but is able to do so | 3, 3 frequent shifting or extraneous movements of legs/arms | 5, 5 unable to sit still for more than a few seconds",,,,,,,y,,,,,
cows_pupil_pre,screening_cows,,radio,Pupil size,"0, 0 pupils pinned or normal size for room light | 1, 1 pupils possibly larger than normal for room light | 2, 2 pupils moderately dilated | 5, 5 pupils so dilated that only the rim of the iris is visible",,,,,,,y,,,,,
cows_aches_pre,screening_cows,,radio,"<div class=""rich-text-field-label""><p>Bone or Joint aches: <em><span style=""font-weight: normal;"">If patient was having pain previously, only the additional component attributed to opiates withdrawal is scored</span></em></p> <p> </p></div>","0, 0 not present | 1, 1 mild diffuse discomfort | 2, 2 patient reports severe diffuse aching of joints/muscles | 4, 4 patient is rubbing joints or muscles and is unable to sit still because of discomfort",,,,,,,y,,,,,
cows_runny_pre,screening_cows,,radio,"<div class=""rich-text-field-label""><p>Runny nose or tearing:<em><span style=""font-weight: normal;""> Not accounted for by cold symptoms or allergies</span></em></p></div>","0, 0 not present | 1, 1 nasal stuffiness or unusually moist eyes | 2, 2 nose running or tearing | 4, 4 nose constantly running or tears streaming down cheeks",,,,,,,y,,,,,
cows_gi_pre,screening_cows,,radio,"<div class=""rich-text-field-label""><p>GI Upset: <em><span style=""font-weight: normal;"">over last 1/2 hour</span></em></p></div>","0, 0 no GI symptoms | 1, 1 stomach cramps | 2, 2 nausea or loose stool | 3, 3 vomiting or diarrhea | 5, 5 multiple episodes of diarrhea or vomiting",,,,,,,y,,,,,
cows_tremor_pre,screening_cows,,radio,"<div class=""rich-text-field-label""><p>Tremor: <em><span style=""font-weight: normal;"">observation of outstreached hands</span></em></p></div>","0, 0 no tremor | 1, 1 tremor can be felt, but not observed | 2, 2 slight tremor observable | 4, 4 gross tremor or muscle twitching",,,,,,,y,,,,,
cows_yawn_pre,screening_cows,,radio,"<div class=""rich-text-field-label""><p>Yawning: <em><span style=""font-weight: normal;"">Observation during assessment</span></em></p></div>","0, 0 no yawning | 1, 1 yawning once or twice during assessment | 2, 2 yawning three or more times during assessment | 4, 4 yawning several times/minute",,,,,,,y,,,,,
cows_anxiety_pre,screening_cows,,radio,Anxiety or Irritability,"0, 0 none | 1, 1 patient reports increasing irritability or anxiousness | 2, 2 patient obviously irritable or anxious | 4, 4 patient so irritable or anxious that participation in the assessment is difficult",,,,,,,y,,,,,
cows_gooseflesh_pre,screening_cows,,radio,Gooseflesh skin,"0, 0 skin is smooth | 3, 3 piloerrection of skin can be felt or hairs standing up on arms | 5, 5 prominent piloerrection",,,,,,,y,,,,,
cows_total_pre,screening_cows,,calc,"<div class=""rich-text-field-label""><p>Total Score: <em><span style=""font-weight: normal;"">S</span></em><em><span style=""font-weight: normal;"">um of all 11 items</span></em></p> <p><em><span style=""font-weight: normal;"">5-12 = mild; 13-24 = moderate; 25-36 = moderately severe; </span></em><em><span style=""font-weight: normal;"">more than 36 = severe withdrawl</span></em></p></div>","sum([cows_rpr_pre],[cows_sweat_pre],[cows_restless_pre],[cows_pupil_pre],[cows_aches_pre],[cows_runny_pre],[cows_gi_pre],[cows_tremor_pre],[cows_yawn_pre],[cows_anxiety_pre],[cows_gooseflesh_pre])",Score must be <12 for patient to be eligible.,,,,,,,,,,, @READONLY
pregnancy_sex,pregnancy_test,This form should be completed by the researcher. A pregnancy test result must be obtained to confirm eligibility before study procedures begin.,radio,Is the patient biologically male or female?,"1, Male | 2, Female",,,,,,,y,,,,,
pregnancy_mrecord,pregnancy_test,,radio,Is there a pregnancy test result available from the current ED visit in the patient's medical record?,"1, Yes | 2, No",,,,,,[pregnancy_sex]=2,y,,,,,
pregnancy_result,pregnancy_test,,radio,What was the result of the pregnancy test?,"1, Positive | 2, Negative","If positive, the patient is NOT eligible.",,,,,[pregnancy_sex]=2,y,,,,,
age,demographics,,calc,Age ,"rounddown(datediff([dob], 'today', 'y'))",Participant must be at least 18 years old.,,,,y,,y,,,,,
gender,demographics,,radio,Sex,"1, Male | 2, Female | 3, Prefer not to say",,,,,y,,y,,,,,
ethnicity,demographics,,radio,Ethnicity,"1, Hispanic | 2, Non-Hispanic | 3, Prefer not to say",,,,,y,,y,,,,,
race,demographics,,checkbox,Race,"1, American Indian/ Alaska Native | 2, Asian | 3, Native Hawaiian/ Pacific Islander | 4, Black/ African American | 5, White | 6, Other | 7, Unknown | 8, Prefer not to say",,,,,y,,y,,,,,
race_other,demographics,,text,What other race(s)?,,,,,,y,[race(6)]=1,y,,,,,
sid_2,locator_form,,text,Subject ID,,,,,,,,,,,,, @READONLY @DEFAULT='[screening_arm_1][sub_id]'
v_hr_1,vitals_infusion,0:00 (Pre-Infusion / Baseline),text,Heart Rate (bpm),,Heart rate > 130 must be reported to Joji and Peter.,,,,,,y,,,,,
v_bp_1,vitals_infusion,,text,Blood Pressure: (systolic / diastolic) mmHg,,SBP > 180 or DBP > 110 must be reported to Joji and Peter.,,,,,,y,,,,,
v_rr_1,vitals_infusion,,text,Respiration Rate (breaths/min),,,,,,,,y,,,,,
v_temp_1,vitals_infusion,,text,Temperature (Celsius),,,,,,,,y,,,,,
v_temp_meth_1,vitals_infusion,,text,Temperature Method,,,,,,,,y,,,,,
v_hr_2,vitals_infusion,0:15,text,Heart Rate (bpm),,Heart rate > 130 must be reported to Joji and Peter.,,,,,,y,,,,,
v_bp_2,vitals_infusion,,text,Blood Pressure: (systolic / diastolic) mmHg,,SBP > 180 or DBP > 110 must be reported to Joji and Peter.,,,,,,y,,,,,
v_hr_3,vitals_infusion,0:30,text,"Heart Rate (bpm)
",,Heart rate > 130 must be reported to Joji and Peter.,,,,,,y,,,,,
v_bp_3,vitals_infusion,,text,Blood Pressure: (systolic / diastolic) mmHg,,SBP > 180 or DBP > 110 must be reported to Joji and Peter.,,,,,,y,,,,,
v_hr_4,vitals_infusion,0:45,text,Heart Rate (bpm),,Heart rate > 130 must be reported to Joji and Peter.,,,,,,y,,,,,
v_bp_4,vitals_infusion,,text,Blood Pressure: (systolic / diastolic) mmHg,,SBP > 180 or DBP > 110 must be reported to Joji and Peter.,,,,,,y,,,,,
v_hr_5,vitals_infusion,1:00 (post-infusion),text,Heart Rate (bpm),,Heart rate > 130 must be reported to Joji and Peter.,,,,,,y,,,,,
v_bp_5,vitals_infusion,,text,Blood Pressure: (systolic / diastolic) mmHg,,SBP > 180 or DBP > 110 must be reported to Joji and Peter.,,,,,,y,,,,,
experience_yn,voluntary_qualitative_experience,"<div class=""rich-text-field-label""><p><span style=""font-weight: normal;"">If the subject </span>volunteers <span style=""font-weight: normal;"">a description of their experience during the infusion, use this form to record it. </span>Do not prompt them for a description<span style=""font-weight: normal;"">; if they don't volunteer one, just mark ""no"" below.</span></p></div>",yesno,Did the subject volunteer any description of their experience during the infusion?,,,,,,,,y,,,,,
experience_description,voluntary_qualitative_experience,,notes,Enter their description here:,,,,,,,[experience_yn]=1,y,,,,,
vlq_imp_1,vlq,"Below are areas of life that are valued by some people. We are concerned with your quality of life in each of these areas. One aspect of quality of life involves the importance one puts on different areas of living. Rate the importance of each area (by circling a number) on a scale of 1-10. 1 means that area is not at all important. 10 means that area is very important. Not everyone will value all of these areas, or value all areas the same. Rate each area according to your own personal sense of importance.",radio,1. Family (other than marriage or parenting),"1, Not at all important: 1 | 2, 2 | 3, 3 | 4, 4 | 5, 5 | 6, 6 | 7, 7 | 8, 8 | 9, 9 | 10, Extremely important: 10",,,,,,,y,,,vlq_imp,,
vlq_imp_2,vlq,,radio,2. Marriage/couples/intimate relations,"1, Not at all important: 1 | 2, 2 | 3, 3 | 4, 4 | 5, 5 | 6, 6 | 7, 7 | 8, 8 | 9, 9 | 10, Extremely important: 10",,,,,,,y,,,vlq_imp,,
vlq_imp_3,vlq,,radio,3. Parenting,"1, Not at all important: 1 | 2, 2 | 3, 3 | 4, 4 | 5, 5 | 6, 6 | 7, 7 | 8, 8 | 9, 9 | 10, Extremely important: 10",,,,,,,y,,,vlq_imp,,
vlq_imp_4,vlq,,radio,4. Friends/social life,"1, Not at all important: 1 | 2, 2 | 3, 3 | 4, 4 | 5, 5 | 6, 6 | 7, 7 | 8, 8 | 9, 9 | 10, Extremely important: 10",,,,,,,y,,,vlq_imp,,
vlq_imp_5,vlq,,radio,5. Work,"1, Not at all important: 1 | 2, 2 | 3, 3 | 4, 4 | 5, 5 | 6, 6 | 7, 7 | 8, 8 | 9, 9 | 10, Extremely important: 10",,,,,,,y,,,vlq_imp,,
vlq_imp_6,vlq,,radio,6. Education/training,"1, Not at all important: 1 | 2, 2 | 3, 3 | 4, 4 | 5, 5 | 6, 6 | 7, 7 | 8, 8 | 9, 9 | 10, Extremely important: 10",,,,,,,y,,,vlq_imp,,
vlq_imp_7,vlq,,radio,7. Recreation/fun,"1, Not at all important: 1 | 2, 2 | 3, 3 | 4, 4 | 5, 5 | 6, 6 | 7, 7 | 8, 8 | 9, 9 | 10, Extremely important: 10",,,,,,,y,,,vlq_imp,,
vlq_imp_8,vlq,,radio,8. Spirituality,"1, Not at all important: 1 | 2, 2 | 3, 3 | 4, 4 | 5, 5 | 6, 6 | 7, 7 | 8, 8 | 9, 9 | 10, Extremely important: 10",,,,,,,y,,,vlq_imp,,
vlq_imp_9,vlq,,radio,9. Citizenship/Community Life,"1, Not at all important: 1 | 2, 2 | 3, 3 | 4, 4 | 5, 5 | 6, 6 | 7, 7 | 8, 8 | 9, 9 | 10, Extremely important: 10",,,,,,,y,,,vlq_imp,,
vlq_imp_10,vlq,,radio,"10. Physical self care (diet, exercise, sleep)","1, Not at all important: 1 | 2, 2 | 3, 3 | 4, 4 | 5, 5 | 6, 6 | 7, 7 | 8, 8 | 9, 9 | 10, Extremely important: 10",,,,,,,y,,,vlq_imp,,
vlq_con_1,vlq,"In this section, we would like you to give a rating of how consistent your actions have been with each of your values. We are not asking about your ideal in each area. We are also not asking what others think of you. Everyone does better in some areas than others. People also do better at some times than at others. We want to know how you think you have been doing during the past week.Rate each area (by circling a number) on a scale of 1-10. 1 means that your actions have been completely inconsistent with your value. 10 means that your actions have been completely consistent with your value.",radio,1. Family (other than marriage or parenting),"1, Not at all consistent with my value: 1 | 2, 2 | 3, 3 | 4, 4 | 5, 5 | 6, 6 | 7, 7 | 8, 8 | 9, 9 | 10, Completely consistent with my value: 10",,,,,,,y,,,vlq_con,,
vlq_con_2,vlq,,radio,2. Marriage/couples/intimate relations,"1, Not at all consistent with my value: 1 | 2, 2 | 3, 3 | 4, 4 | 5, 5 | 6, 6 | 7, 7 | 8, 8 | 9, 9 | 10, Completely consistent with my value: 10",,,,,,,y,,,vlq_con,,
vlq_con_3,vlq,,radio,3. Parenting,"1, Not at all consistent with my value: 1 | 2, 2 | 3, 3 | 4, 4 | 5, 5 | 6, 6 | 7, 7 | 8, 8 | 9, 9 | 10, Completely consistent with my value: 10",,,,,,,y,,,vlq_con,,
vlq_con_4,vlq,,radio,4. Friends/social life,"1, Not at all consistent with my value: 1 | 2, 2 | 3, 3 | 4, 4 | 5, 5 | 6, 6 | 7, 7 | 8, 8 | 9, 9 | 10, Completely consistent with my value: 10",,,,,,,y,,,vlq_con,,
vlq_con_5,vlq,,radio,5. Work,"1, Not at all consistent with my value: 1 | 2, 2 | 3, 3 | 4, 4 | 5, 5 | 6, 6 | 7, 7 | 8, 8 | 9, 9 | 10, Completely consistent with my value: 10",,,,,,,y,,,vlq_con,,
vlq_con_6,vlq,,radio,6. Education/training,"1, Not at all consistent with my value: 1 | 2, 2 | 3, 3 | 4, 4 | 5, 5 | 6, 6 | 7, 7 | 8, 8 | 9, 9 | 10, Completely consistent with my value: 10",,,,,,,y,,,vlq_con,,
vlq_con_7,vlq,,radio,7. Recreation/fun,"1, Not at all consistent with my value: 1 | 2, 2 | 3, 3 | 4, 4 | 5, 5 | 6, 6 | 7, 7 | 8, 8 | 9, 9 | 10, Completely consistent with my value: 10",,,,,,,y,,,vlq_con,,
vlq_con_8,vlq,,radio,8. Spirituality,"1, Not at all consistent with my value: 1 | 2, 2 | 3, 3 | 4, 4 | 5, 5 | 6, 6 | 7, 7 | 8, 8 | 9, 9 | 10, Completely consistent with my value: 10",,,,,,,y,,,vlq_con,,
vlq_con_9,vlq,,radio,9. Citizenship/Community Life,"1, Not at all consistent with my value: 1 | 2, 2 | 3, 3 | 4, 4 | 5, 5 | 6, 6 | 7, 7 | 8, 8 | 9, 9 | 10, Completely consistent with my value: 10",,,,,,,y,,,vlq_con,,
vlq_con_10,vlq,,radio,"10. Physical self care (diet, exercise, sleep)","1, Not at all consistent with my value: 1 | 2, 2 | 3, 3 | 4, 4 | 5, 5 | 6, 6 | 7, 7 | 8, 8 | 9, 9 | 10, Completely consistent with my value: 10",,,,,,,y,,,vlq_con,,
kirby_1,kirby_delayed_discount,"For each of the next 27 choices, please indicate which reward you would prefer: the smaller reward today, or the larger reward in the specified number of days.",radio,"Would you prefer $54 today, or $55 in 117 days?","0, smaller reward today | 1, larger reward in the specified number of days",,,,,,,y,,,kirby,,
kirby_2,kirby_delayed_discount,,radio,"Would you prefer $55 today, or $75 in 61 days?","0, smaller reward today | 1, larger reward in the specified number of days",,,,,,,y,,,kirby,,
kirby_3,kirby_delayed_discount,,radio,"Would you prefer $19 today, or $25 in 53 days?","0, smaller reward today | 1, larger reward in the specified number of days",,,,,,,y,,,kirby,,
kirby_4,kirby_delayed_discount,,radio,"Would you prefer $31 today, or $85 in 7 days?","0, smaller reward today | 1, larger reward in the specified number of days",,,,,,,y,,,kirby,,
kirby_5,kirby_delayed_discount,,radio,"Would you prefer $14 today, or $25 in 19 days?","0, smaller reward today | 1, larger reward in the specified number of days",,,,,,,y,,,kirby,,
kirby_6,kirby_delayed_discount,,radio,"Would you prefer $47 today, or $50 in 160 days?","0, smaller reward today | 1, larger reward in the specified number of days",,,,,,,y,,,kirby,,
kirby_7,kirby_delayed_discount,,radio,"Would you prefer $15 today, or $35 in 13 days?","0, smaller reward today | 1, larger reward in the specified number of days",,,,,,,y,,,kirby,,
kirby_8,kirby_delayed_discount,,radio,"Would you prefer $25 today, or $60 in 14 days?","0, smaller reward today | 1, larger reward in the specified number of days",,,,,,,y,,,kirby,,
kirby_9,kirby_delayed_discount,,radio,"Would you prefer $78 today, or $80 in 162 days?","0, smaller reward today | 1, larger reward in the specified number of days",,,,,,,y,,,kirby,,
kirby_10,kirby_delayed_discount,,radio,"Would you prefer $40 today, or $55 in 62 days?","0, smaller reward today | 1, larger reward in the specified number of days",,,,,,,y,,,kirby,,
kirby_11,kirby_delayed_discount,,radio,"Would you prefer $11 today, or $30 in 7 days?","0, smaller reward today | 1, larger reward in the specified number of days",,,,,,,y,,,kirby,,
kirby_12,kirby_delayed_discount,,radio,"Would you prefer $67 today, or $75 in 119 days?","0, smaller reward today | 1, larger reward in the specified number of days",,,,,,,y,,,kirby,,
kirby_13,kirby_delayed_discount,,radio,"Would you prefer $34 today, or $35 in 186 days?","0, smaller reward today | 1, larger reward in the specified number of days",,,,,,,y,,,kirby,,
kirby_14,kirby_delayed_discount,,radio,"Would you prefer $27 today, or $50 in 21 days?","0, smaller reward today | 1, larger reward in the specified number of days",,,,,,,y,,,kirby,,
kirby_15,kirby_delayed_discount,,radio,"Would you prefer $69 today, or $85 in 91 days?","0, smaller reward today | 1, larger reward in the specified number of days",,,,,,,y,,,kirby,,
kirby_16,kirby_delayed_discount,,radio,"Would you prefer $49 today, or $60 in 89 days?","0, smaller reward today | 1, larger reward in the specified number of days",,,,,,,y,,,kirby,,
kirby_17,kirby_delayed_discount,,radio,"Would you prefer $80 today, or $85 in 157 days?","0, smaller reward today | 1, larger reward in the specified number of days",,,,,,,y,,,kirby,,
kirby_18,kirby_delayed_discount,,radio,"Would you prefer $24 today, or $35 in 29 days?","0, smaller reward today | 1, larger reward in the specified number of days",,,,,,,y,,,kirby,,
kirby_19,kirby_delayed_discount,,radio,"Would you prefer $33 today, or $80 in 14 days?","0, smaller reward today | 1, larger reward in the specified number of days",,,,,,,y,,,kirby,,
kirby_20,kirby_delayed_discount,,radio,"Would you prefer $28 today, or $30 in 179 days?","0, smaller reward today | 1, larger reward in the specified number of days",,,,,,,y,,,kirby,,
kirby_21,kirby_delayed_discount,,radio,"Would you prefer $34 today, or $50 in 30 days?","0, smaller reward today | 1, larger reward in the specified number of days",,,,,,,y,,,kirby,,
kirby_22,kirby_delayed_discount,,radio,"Would you prefer $25 today, or $30 in 80 days?","0, smaller reward today | 1, larger reward in the specified number of days",,,,,,,y,,,kirby,,
kirby_23,kirby_delayed_discount,,radio,"Would you prefer $41 today, or $75 in 20 days?","0, smaller reward today | 1, larger reward in the specified number of days",,,,,,,y,,,kirby,,
kirby_24,kirby_delayed_discount,,radio,"Would you prefer $54 today, or $60 in 111 days?","0, smaller reward today | 1, larger reward in the specified number of days",,,,,,,y,,,kirby,,
kirby_25,kirby_delayed_discount,,radio,"Would you prefer $54 today, or $80 in 30 days?","0, smaller reward today | 1, larger reward in the specified number of days",,,,,,,y,,,kirby,,
kirby_26,kirby_delayed_discount,,radio,"Would you prefer $22 today, or $25 in 136 days?","0, smaller reward today | 1, larger reward in the specified number of days",,,,,,,y,,,kirby,,
kirby_27,kirby_delayed_discount,,radio,"Would you prefer $20 today, or $55 in 7 days?","0, smaller reward today | 1, larger reward in the specified number of days",,,,,,,y,,,kirby,,
phq9_1,phq9,"Over the last two weeks, how often have you been bothered by any of the following problems?",radio,Little interest or pleasure in doing things,"0, Not at all | 1, Several days | 2, More than half the days | 3, Nearly every day",,,,,,,y,,,phq9,,
phq9_2,phq9,,radio,"Feeling down, depressed, or hopeless","0, Not at all | 1, Several days | 2, More than half the days | 3, Nearly every day",,,,,,,y,,,phq9,,
phq9_3,phq9,,radio,"Trouble falling asleep or staying asleep, or sleeping too much","0, Not at all | 1, Several days | 2, More than half the days | 3, Nearly every day",,,,,,,y,,,phq9,,
phq9_4,phq9,,radio,Feeling tired or having little energy,"0, Not at all | 1, Several days | 2, More than half the days | 3, Nearly every day",,,,,,,y,,,phq9,,
phq9_5,phq9,,radio,Poor appetite or overeating,"0, Not at all | 1, Several days | 2, More than half the days | 3, Nearly every day",,,,,,,y,,,phq9,,
phq9_6,phq9,,radio,Feeling bad about yourself - or that you are a failure or have let yourself or your family down,"0, Not at all | 1, Several days | 2, More than half the days | 3, Nearly every day",,,,,,,y,,,phq9,,
phq9_7,phq9,,radio,"Trouble concentrating on things, such as reading the newspaper or watching television","0, Not at all | 1, Several days | 2, More than half the days | 3, Nearly every day",,,,,,,y,,,phq9,,
phq9_8,phq9,,radio,Moving or speaking so slowly that other people could have noticed? Or the opposite - being so fidgety or restless that you have been moving around a lot more than usual,"0, Not at all | 1, Several days | 2, More than half the days | 3, Nearly every day",,,,,,,y,,,phq9,,
phq9_9,phq9,,radio,Thoughts that you would be better off dead or off hurting yourself in some way,"0, Not at all | 1, Several days | 2, More than half the days | 3, Nearly every day",,,,,,,y,,,phq9,,
phq9_how_difficult,phq9,,dropdown,"If you checked off any problems, how difficult have these problems made it for you to do your work, take care of things at home, or get along with other people?","0, Not difficult at all | 1, Somewhat difficult | 2, Very difficult | 3, Extremely difficult",,,,,,[phq9_1]<>0 OR [phq9_2]<>0 OR [phq9_3]<>0 OR [phq9_4]<>0 OR [phq9_5]<>0 OR [phq9_6]<>0 OR [phq9_7]<>0 OR [phq9_8]<>0 OR [phq9_9]<>0,y,,,,,
phq9_score,phq9,,calc,Score,"sum([phq9_1],[phq9_2],[phq9_3],[phq9_4],[phq9_5],[phq9_6],[phq9_7],[phq9_8],[phq9_9])",,,,,,,,,,,, @HIDDEN-SURVEY @READONLY
exp_1,expectancy_scale,,radio,This treatment will be completely effective,"1, Strongly Disagree | 2, Moderately Disagree | 3, Slightly Disagree | 4, Neither Agree or Disagree | 5, Slightly Agree | 6, Moderately Agree | 7, Strongly Agree",,,,,,,y,,,exp_group,,
exp_2,expectancy_scale,,radio,I am worried about my treatment.,"1, Strongly Disagree | 2, Moderately Disagree | 3, Slightly Disagree | 4, Neither Agree or Disagree | 5, Slightly Agree | 6, Moderately Agree | 7, Strongly Agree",,,,,,,y,,,exp_group,,
exp_3,expectancy_scale,,radio,My condition will be completely resolved atter treatment,"1, Strongly Disagree | 2, Moderately Disagree | 3, Slightly Disagree | 4, Neither Agree or Disagree | 5, Slightly Agree | 6, Moderately Agree | 7, Strongly Agree",,,,,,,y,,,exp_group,,
exp_4,expectancy_scale,,radio,I have fears about this treatment,"1, Strongly Disagree | 2, Moderately Disagree | 3, Slightly Disagree | 4, Neither Agree or Disagree | 5, Slightly Agree | 6, Moderately Agree | 7, Strongly Agree",,,,,,,y,,,exp_group,,
exp_5,expectancy_scale,,radio,I have complete confidence in this treatment,"1, Strongly Disagree | 2, Moderately Disagree | 3, Slightly Disagree | 4, Neither Agree or Disagree | 5, Slightly Agree | 6, Moderately Agree | 7, Strongly Agree",,,,,,,y,,,exp_group,,
exp_6,expectancy_scale,,radio,I am nervous about the negative effects of this treatment,"1, Strongly Disagree | 2, Moderately Disagree | 3, Slightly Disagree | 4, Neither Agree or Disagree | 5, Slightly Agree | 6, Moderately Agree | 7, Strongly Agree",,,,,,,y,,,exp_group,,
exp_pos,expectancy_scale,,calc,Positive Expectancy Score,"mean([exp_1],[exp_3],[exp_5])",,,,,,,,,,,, @READONLY @HIDDEN-SURVEY
exp_neg,expectancy_scale,,calc,Negative Expectancy Score,"mean([exp_2],[exp_4],[exp_6])",,,,,,,,,,,, @READONLY @HIDDEN-SURVEY
exp_7,expectancy_scale,,text,What treatment are you going to receive? ,,,,,,,,y,,,,,
exp_8,expectancy_scale,,text,What specific benefits (if any) do you expect to receive from this treatment?,,,,,,,,y,,,,,
exp_9,expectancy_scale,,text,What specific harms or negative side-effects (if any) do you think may occur because of this treatment?,,,,,,,,y,,,,,
exp_10,expectancy_scale,,yesno,Have you ever received this treatment before?,,,,,,,,y,,,,,
lvsi1_title,columbia_suicide_severity_rating_scale_cssrs,SUICIDAL IDEATION,descriptive,"<div class=""rich-text-field-label""><p><span style=""background-color: #c2e0f4;"">1. Wish to be Dead</span></p></div>",,,,,,,,,,,,,
lvsi1_instructions,columbia_suicide_severity_rating_scale_cssrs,,descriptive,"<div class=""rich-text-field-label""><p><br><span style=""font-weight: normal;"">(INSTRUCTIONS FOR RESEARCHER - DO NOT READ ALOUD)</span><br><br><span style=""font-weight: normal;"">Subject endorses thoughts about a wish to be dead or not alive anymore, or wish to fall asleep and not wake up.</span><br><br><span style=""background-color: #fbeeb8;"">ASK THE SUBJECT ALL OF THE FOLLOWING UNTIL THE SUBJECT SAYS ""YES"" TO ONE OR ""NO"" TO ALL THREE:</span></p></div>",,,,,,,,,,,,,
lvsi1,columbia_suicide_severity_rating_scale_cssrs,,radio,"<div class=""rich-text-field-label""><p><br>Have you thought about being dead or what it would be like to be dead?<br><br>Have you wished you were dead or wished you could go to sleep and never wake up?<br><br>Do you wish you weren't alive anymore?</p></div>","1, Yes | 0, No",,,,,,,y,,,,,
lvsi2_title,columbia_suicide_severity_rating_scale_cssrs,,descriptive,"<div class=""rich-text-field-label""><p><br><span style=""background-color: #c2e0f4;"">2. Non-Specific Active Suicidal Thoughts</span></p></div>",,,,,,,,,,,,,
lvsi2_instructions,columbia_suicide_severity_rating_scale_cssrs,,descriptive,"<div class=""rich-text-field-label""><p><br><span style=""font-weight: normal;"">(INSTRUCTIONS FOR RESEARCHER - DO NOT READ ALOUD)</span><br><br><span style=""font-weight: normal;"">General, non-specific thoughts about wanting to end one's life/commit suicide (e.g., ""I've thought about killing myself"") without thoughts of ways to kill oneself/associated methods, intent or plan during the assessment period.</span><br><br><span style=""background-color: #fbeeb8;"">ASK THE SUBJECT BOTH OF THE FOLLOWING UNLESS THEY RESPOND ""YES"" TO THE FIRST QUESTION:</span></p></div>",,,,,,,,,,,,,
lvsi2,columbia_suicide_severity_rating_scale_cssrs,,radio,"<div class=""rich-text-field-label""><p><br>Have you thought about doing something to make yourself not alive anymore?<br><br>Have you had any thoughts about killing yourself?</p></div>","1, Yes | 0, No",,,,,,,y,,,,,
lsvi3_title,columbia_suicide_severity_rating_scale_cssrs,,descriptive,"<div class=""rich-text-field-label""><p><br><span style=""background-color: #c2e0f4;"">3. Active Suicidal Ideation with Any Methods (Not Plan) without Intent to Act</span></p></div>",,,,,,,[lvsi2]=1,,,,,,
lvsi3_instructions,columbia_suicide_severity_rating_scale_cssrs,,descriptive,"<div class=""rich-text-field-label""><p><br><span style=""font-weight: normal;"">(INSTRUCTIONS FOR RESEARCHER - DO NOT READ ALOUD)</span><br><br><span style=""font-weight: normal;"">Subject endorses thoughts of suicide and has thought of at least one method during the assessment period. This is different than a specific plan with time, place or method details worked out (e.g., thought of method to kill self but not a specific plan). Includes person who would say, ""I thought about taking an overdose but I never made a specific plan as to when, where or how I would actually do it... and I would never go through with it.""</span><br><br><span style=""background-color: #fbeeb8;"">ASK THE SUBJECT THE FOLLOWING:</span></p></div>",,,,,,,[lvsi2]=1,,,,,,
lvsi3,columbia_suicide_severity_rating_scale_cssrs,,radio,"<div class=""rich-text-field-label""><p><br>Have you thought about how you would do that or how you would make yourself not alive anymore (kill yourself)?</p></div>","1, Yes | 0, No",,,,,,[lvsi2]=1,y,,,,,
lvsi4_title,columbia_suicide_severity_rating_scale_cssrs,,descriptive,"<div class=""rich-text-field-label""><p><br><span style=""background-color: #c2e0f4;"">4. Active Suicidal Ideation with Some Intent to Act, without Specific Plan</span></p></div>",,,,,,,[lvsi2]=1,,,,,,
lvsi4_instructions,columbia_suicide_severity_rating_scale_cssrs,,descriptive,"<div class=""rich-text-field-label""><p><br><span style=""font-weight: normal;"">(INSTRUCTIONS FOR RESEARCHER - DO NOT READ ALOUD)</span><br><br><span style=""font-weight: normal;"">Active suicidal thoughts of killing oneself and subject reports having </span>some intent to act on such thoughts<span style=""font-weight: normal;"">, as opposed to ""I have the thoughts but I definitely will not do anything about them.""</span><br><br><span style=""background-color: #fbeeb8;"">ASK THE SUBJECT THE FOLLOWING:</span></p></div>",,,,,,,[lvsi2]=1,,,,,,
lvsi4,columbia_suicide_severity_rating_scale_cssrs,,radio,"<div class=""rich-text-field-label""><p><br>When you thought about making yourself not alive anymore (killing yourself), did you think that this was something you might actually do? This is different from (as opposed to) having the thoughts but knowing you wouldn't do anything about it.</p></div>","1, Yes | 0, No",,,,,,[lvsi2]=1,y,,,,,
lvsi5_title,columbia_suicide_severity_rating_scale_cssrs,,descriptive,"<div class=""rich-text-field-label""><p><br><span style=""background-color: #c2e0f4;"">5. Active Suicidal Ideation with Specific Plan and Intent</span></p></div>",,,,,,,[lvsi2]=1,,,,,,
lvsi5_instructions,columbia_suicide_severity_rating_scale_cssrs,,descriptive,"<div class=""rich-text-field-label""><p><br><span style=""font-weight: normal;"">(INSTRUCTIONS FOR RESEARCHER - DO NOT READ ALOUD)</span><br><br><span style=""font-weight: normal;"">Thoughts of killing oneself with details of plan fully or partially worked out and subject has some intent to carry it out.</span><br><br><span style=""background-color: #fbeeb8;"">ASK THE SUBJECT BOTH OF THE FOLLOWING UNLESS THEY RESPOND ""YES"" TO THE FIRST QUESTION:</span></p></div>",,,,,,,[lvsi2]=1,,,,,,
lvsi5,columbia_suicide_severity_rating_scale_cssrs,,radio,"<div class=""rich-text-field-label""><p><br>Have you decided how or when you would make yourself not alive anymore/kill yourself? <br><br>Have you planned out (worked out the details of) how you would do it?</p></div>","1, Yes | 0, No",,,,,,[lvsi2]=1,y,,,,,
lvsi_score,columbia_suicide_severity_rating_scale_cssrs,,calc,Ideation Score:,"sum([lvsi1],[lvsi2],[lvsi3],[lvsi4],[lvsi5])",,,,,,,,,,,, @READONLY
blind,assessment_of_blind,,radio,Which substance do you think you received? ,"0, Ketamine | 1, Saline (Placebo) | 2, Unknown",,,,,,,y,,,,,
cadss1,cadss_6_short,Please answer the following questions regarding how you feel RIGHT NOW.,radio,Do things seem to be moving in slow motion?,"1, 0 - Not at all | 2, 1 - Mild, things seem slightly slowed down, but not very noticeable. | 3, 2 - Moderate, things are moving about twice as slow as normal. | 4, 3 - Severe, things are moving so slowly that they are barely moving. | 5, 4 - Extreme, things are moving so slowly, I have the perception that everything has come to a stop, as if time is standing still.",,,,,,,y,,,,,
cadss2,cadss_6_short,,radio,"Do things seem to be unreal to you, as if you are in a dream?","1, 0 - Not at all | 2, 1 - Mild, things seem a little unreal, but I'm well aware of where I'm at. | 3, 2 - Moderate, things seem dreamlike, although I know I am awake. | 4, 3 - Severe, things seem very dreamlike, although I know that I am here, I have the feeling like I might be asleep. | 5, 4 - Extreme, I feel like nothing is real, like I should pinch myself to wake up, or ask someone if this is a dream.",,,,,,,y,,,,,
cadss6,cadss_6_short,Depersonalization,radio,Do you feel disconnected from your own body?,"1, 0 - Not at all | 2, 1 - Mild, I feel a little bit disconnected from myself, but I am basically all here. | 3, 2 - Moderate, I feel somewhat detached from my own body, but I am basically all together. | 4, 3 - Severe, I feel detached from my own body, but not far removed from my body, and I feel as if it is me there. | 5, 4 - Extreme, I feel like I am completely out of my body, as if I am looking at my own body from a long way off, as if there is another person there.",,,,,,,y,,,,,
cadss7,cadss_6_short,,radio,"Does your sense of your own body feel changed: for instance, does your own body feel unusually large or unusually small?","1, 0 - Not at all | 2, 1 - Mild, I have a vague feeling that something about my body has changed, but I can't say exactly what it is. | 3, 2 - Moderate, I feel like my body has increased or decreased in size slightly, or that it feels somewhat as if it is not my body. | 4, 3 - Severe, I feel as if my body has increased to twice its normal size, or decreased to twice its normal size, or I very much feel as if this is not my body. | 5, 4 - Extreme, I feel as if my body has swelled up to as least ten times its normal size, or as if it is ten times as small, or as if my arms have become like toothpicks.",,,,,,,y,,,,,
cadss15,cadss_6_short,Amnesia,radio,"Have you spaced out, or in some other way lost track of what was going on during this experience?","1, 0 - Not at all | 2, 1 - Mild, I have had some episodes of losing track of what is going on, but I have followed everything for the most part. | 3, 2 - Moderate, I have lost at least a minute of time, or have completely lost track of what is going on now. | 4, 3 - Severe, I have lost several segments of time of one minute or more. | 5, 4 - Extreme, I have lost large segments of time of at least 15 min or more.",,,,,,,y,,,,,
cadss22,cadss_6_short,,radio,Do you have gaps in your memory?,"1, 0 - Not at all | 2, 1 - Mild, there are some recent things which I cannot remember. | 3, 2 - Moderate, there have been a few gaps in my memory which lasted a few minutes. | 4, 3 - Severe, there have been large gaps in my memory which lasted for more than a few minutes. | 5, 4 - Extreme, I cannot piece together what is happening from one moment to the next due to large gaps in my memory.",,,,,,,y,,,,,
cadss_score,cadss_6_short,,calc,Score,"sum([cadss1], [cadss2], [cadss6], [cadss7], [cadss15], [cadss22])",,,,,,,,,,,, @READONLY @HIDDEN-SURVEY
gastrointestinal_1,prise,"Please indicate all symptoms you have experienced in the past week. These symptoms may or may not have been caused by your treatment.

Gastrointestinal:",checkbox,Check ALL symptoms that you have experienced during the past week regardless of cause:,"1, Diarrhea | 2, Constipation | 3, Dry mouth | 4, Nausea/vomiting | 0, No symptoms in this category",,,,,,,y,,,,,
gastrointestinal_2,prise,,radio,"If you had any symptoms over the last week, how bad was your WORST symptom?","0, Tolerable | 1, Distressing",,,,,,[gastrointestinal_1(0)]<>1,y,,,,,
heart_1,prise,Heart:,checkbox,Check ALL symptoms that you have experienced during the past week regardless of cause:,"1, Palpitation (skipping a beat) | 2, Dizziness on standing | 3, Chest pain | 0, No symptoms in this category",,,,,,,y,,,,,
heart_2,prise,,radio,"If you had any symptoms over the last week, how bad was your WORST symptom?","0, Tolerable | 1, Distressing",,,,,,[heart_1(0)]<>1,y,,,,,
skin_1,prise,Skin:,checkbox,Check ALL symptoms that you have experienced during the past week regardless of cause:,"1, Rash | 2, Increased perspiration | 3, Itching | 4, Dry skin | 0, No symptoms in this category",,,,,,,y,,,,,
skin_2,prise,,radio,"If you had any symptoms over the last week, how bad was your WORST symptom?","0, Tolerable | 1, Distressing",,,,,,[skin_1(0)]<>1,y,,,,,
nervous_system_1,prise,Nervous System:,checkbox,Check ALL symptoms that you have experienced during the past week regardless of cause:,"1, Headache | 2, Tremors | 3, Poor coordination | 4, Dizziness | 0, No symptoms in this category",,,,,,,y,,,,,
nervous_system_2,prise,,radio,"If you had any symptoms over the last week, how bad was your WORST symptom?","0, Tolerable | 1, Distressing",,,,,,[nervous_system_1(0)]<>1,y,,,,,
eyesears_1,prise,Eyes/Ears:,checkbox,Check ALL symptoms that you have experienced during the past week regardless of cause:,"1, Blurred vision | 2, Ringing in ears | 0, No symptoms in this category",,,,,,,y,,,,,
eyesears_2,prise,,radio,"If you had any symptoms over the last week, how bad was your WORST symptom?","0, Tolerable | 1, Distressing",,,,,,[eyesears_1(0)]<>1,y,,,,,
genitalurinary_1,prise,Genital/Urinary,checkbox,Check ALL symptoms that you have experienced during the past week regardless of cause:,"1, Difficulty urinating | 2, Painful urination | 3, Frequent urination | 4, Menstrual irregularity | 0, No symptoms in this category",,,,,,,y,,,,,
genitalurinary_2,prise,,radio,"If you had any symptoms over the last week, how bad was your WORST symptom?","0, Tolerable | 1, Distressing",,,,,,[genitalurinary_1(0)]<>1,y,,,,,
sleep_1,prise,Sleep:,checkbox,Check ALL symptoms that you have experienced during the past week regardless of cause:,"1, Difficulty sleeping | 2, Sleeping too much | 0, No symptoms in this category",,,,,,,y,,,,,
sleep_2,prise,,radio,"If you had any symptoms over the last week, how bad was your WORST symptom?","0, Tolerable | 1, Distressing",,,,,,[sleep_1(0)]<>1,y,,,,,
sexual_functioning_1,prise,Sexual Functioning:,checkbox,Check ALL symptoms that you have experienced during the past week regardless of cause:,"1, Loss of sexual desire | 2, Trouble achieving orgasm | 3, Trouble with erections | 0, No symptoms in this category",,,,,,,y,,,,,
sexual_functioning_2,prise,,radio,"If you had any symptoms over the last week, how bad was your WORST symptom?","0, Tolerable | 1, Distressing",,,,,,[sexual_functioning_1(0)]<>1,y,,,,,
other_1,prise,Other:,checkbox,Check ALL symptoms that you have experienced during the past week regardless of cause:,"1, Anxiety | 2, Poor concentration | 3, General malaise (general sense of being unwell, often accompanied by fatigue, diffuse pain, or lack of interest in activities) | 4, Restlessness | 5, Fatigue | 6, Decreased energy | 7, Other | 0, No symptoms in this category",,,,,,,y,,,,,
other_2,prise,,text,Other Symptoms:,,,,,,,[other_1(7)]=1,y,,,,,
other_3,prise,,radio,"If you had any symptoms over the last week, how bad was your WORST symptom?","0, Tolerable | 1, Distressing",,,,,,[other_1(0)]<>1,y,,,,,
cows_rpr,cows,,radio,"<div class=""rich-text-field-label""><p>Resting Pulse Rate: <span style=""font-weight: normal;""><em>Measured after patient is sitting or lying for one minute</em></span></p></div>","0, 0 pulse rate 80 or below | 1, 1 pulse rate 81-100 | 2, 2 pulse rate 101-120 | 4, 4 pulse rate greater than 120",,,,,,,y,,,,,
cows_rpr_bpm,cows,,text,"<div class=""rich-text-field-label""><p>Resting Pulse Rate (beats/minute)</p></div>",,,,,,,,y,,,,,
cows_sweat,cows,,radio,"<div class=""rich-text-field-label""><p>Sweating: <span style=""font-weight: normal;""><em>over past 1/2 hour not accounted for by room temperature or patient activity</em></span></p></div>","0, 0 no report of chills or flushing | 1, 1 subjective report of chills or flushing | 2, 2 flushed or observable moistness on face | 3, 3 beads of sweat on brow or face | 4, 4 sweat streaming off face",,,,,,,y,,,,,
cows_restless,cows,,radio,"<div class=""rich-text-field-label""><p>Restlessness: <span style=""font-weight: normal;""><em>Observation during</em></span><em> <span style=""font-weight: normal;"">assessment</span></em></p></div>","0, 0 able to sit still | 1, 1 reports difficulty sitting still, but is able to do so | 3, 3 frequent shifting or extraneous movements of legs/arms | 5, 5 unable to sit still for more than a few seconds",,,,,,,y,,,,,
cows_pupil,cows,,radio,Pupil size,"0, 0 pupils pinned or normal size for room light | 1, 1 pupils possibly larger than normal for room light | 2, 2 pupils moderately dilated | 5, 5 pupils so dilated that only the rim of the iris is visible",,,,,,,y,,,,,
cows_aches,cows,,radio,"<div class=""rich-text-field-label""><p>Bone or Joint aches: <em><span style=""font-weight: normal;"">If patient was having pain previously, only the additional component attributed to opiates withdrawal is scored</span></em></p> <p> </p></div>","0, 0 not present | 1, 1 mild diffuse discomfort | 2, 2 patient reports severe diffuse aching of joints/muscles | 4, 4 patient is rubbing joints or muscles and is unable to sit still because of discomfort",,,,,,,y,,,,,
cows_runny,cows,,radio,"<div class=""rich-text-field-label""><p>Runny nose or tearing:<em><span style=""font-weight: normal;""> Not accounted for by cold symptoms or allergies</span></em></p></div>","0, 0 not present | 1, 1 nasal stuffiness or unusually moist eyes | 2, 2 nose running or tearing | 4, 4 nose constantly running or tears streaming down cheeks",,,,,,,y,,,,,
cows_gi,cows,,radio,"<div class=""rich-text-field-label""><p>GI Upset: <em><span style=""font-weight: normal;"">over last 1/2 hour</span></em></p></div>","0, 0 no GI symptoms | 1, 1 stomach cramps | 2, 2 nausea or loose stool | 3, 3 vomiting or diarrhea | 5, 5 multiple episodes of diarrhea or vomiting",,,,,,,y,,,,,
cows_tremor,cows,,radio,"<div class=""rich-text-field-label""><p>Tremor: <em><span style=""font-weight: normal;"">observation of outstreached hands</span></em></p></div>","0, 0 no tremor | 1, 1 tremor can be felt, but not observed | 2, 2 slight tremor observable | 4, 4 gross tremor or muscle twitching",,,,,,,y,,,,,
cows_yawn,cows,,radio,"<div class=""rich-text-field-label""><p>Yawning: <em><span style=""font-weight: normal;"">Observation during assessment</span></em></p></div>","0, 0 no yawning | 1, 1 yawning once or twice during assessment | 2, 2 yawning three or more times during assessment | 4, 4 yawning several times/minute",,,,,,,y,,,,,
cows_anxiety,cows,,radio,Anxiety or Irritability,"0, 0 none | 1, 1 patient reports increasing irritability or anxiousness | 2, 2 patient obviously irritable or anxious | 4, 4 patient so irritable or anxious that participation in the assessment is difficult",,,,,,,y,,,,,
cows_gooseflesh,cows,,radio,Gooseflesh skin,"0, 0 skin is smooth | 3, 3 piloerrection of skin can be felt or hairs standing up on arms | 5, 5 prominent piloerrection",,,,,,,y,,,,,
cows_total,cows,,calc,"<div class=""rich-text-field-label""><p>Total Score: <em><span style=""font-weight: normal;"">S</span></em><em><span style=""font-weight: normal;"">um of all 11 items</span></em></p> <p><em><span style=""font-weight: normal;"">5-12 = mild; 13-24 = moderate; 25-36 = moderately severe; </span></em><em><span style=""font-weight: normal;"">more than 36 = severe withdrawl</span></em></p></div>","sum([cows_rpr],[cows_sweat],[cows_restless],[cows_pupil],[cows_aches],[cows_runny],[cows_gi],[cows_tremor],[cows_yawn],[cows_anxiety],[cows_gooseflesh])",,,,,,,,,,,, @READONLY
oc_1,opioid_craving_scale,,slider,How much do you currently crave opiates?,Not at all |  | Extremely,,number,,10,,,y,RH,,,,
oc_2,opioid_craving_scale,,slider,"In the past week, please rate how strong your desire to use opiates has been when something in the environment has reminded you of opiates. ",No desire |  | Extremely strong,,number,,10,,,y,RH,,,,
oc_3,opioid_craving_scale,,slider,"Please imagine yourself in the environment in which you previously used opiates. If you were in this environment today and if it were the time of day that you typically used opiates, what is the likelihood that you would use opiates today? ",Not at all |  | I'm sure I would use opiates,,number,,10,,,y,RH,,,,
oc_total,opioid_craving_scale,,calc,Total Score,"mean([oc_1],[oc_2],[oc_3])",,,,,,,,RH,,,, @READONLY @HIDDEN-SURVEY
kcs_crave,ketamine_craving_scale,,slider,How much do you currently crave ketamine?,Not at all |  | Extremely,,number,,10,,,y,RH,,,,
kcs_desire,ketamine_craving_scale,,slider,"In the past (day/week/month), please rate how strong your desire to use ketamine has been when something in the environment has reminded you of ketamine.",No desire |  | Extremely strong,,number,,10,,,y,RH,,,,
kcs_environment,ketamine_craving_scale,,slider,"Please imagine yourself in the environment in which you previously used ketamine. If you were in this environment today and if it were the time of day that you typically used ketamine, what is the likelihood that you would use ketamine today?",Not at all |  | I'm sure I would use ketamine,,number,,10,,,y,RH,,,,
kcs_total,ketamine_craving_scale,,calc,Total Score,"mean([kcs_crave],[kcs_desire],[kcs_environment])",,,,,,,,,,,, @READONLY @HIDDEN-SURVEY
method,ivdu_vs_non_ivdu,Answers for this form should come from the participant. This form may be completed by the participant as a survey if desired.,radio,What is your primary method of opioid use?,"1, Injecting (IV) | 2, Snorting or smoking (Non-IV)",,,,,,,y,,,,,
oc_1_cr_pre,opioid_craving_scale_cue_reactivity_preexposure,,slider,How much do you currently crave opiates?,Not at all |  | Extremely,,number,,10,,,y,RH,,,,
cr_pre_comments,opioid_craving_scale_cue_reactivity_preexposure,,notes,Comments (optional),,For researcher use. Please INDIVIDUALLY explain any blank data fields here.,,,,,,,,,,, @HIDDEN-SURVEY
cr1_slides,opioid_craving_scale_cue_reactivity_1,,radio,For researcher: Which Cue Reactivity slide deck was used?,"1, IVDU Opioids 1 | 2, IVDU Opioids 2 | 3, IVDU Neutral | 4, Non-IVDU Opioids 1 | 5, Non-IVDU Opioids 2 | 6, Non-IVDU Neutral","IVDU/Non-IVDU is determined by subject's preferred method of administration. You can find whether the subject should be shown deck 1 or 2 in the ""Randomization Table-K-SAFE"" file under ""Study Materials/Measures/Cue Reactivity"" in Dropbox. NOTE: The subject should NOT necessarily be shown Deck 1 just because this is Cue Reactivity 1! Please check the table.",,,,,,y,,,,, @HIDDEN-SURVEY
oc_1_cr_1,opioid_craving_scale_cue_reactivity_1,,slider,How much do you currently crave opiates?,Not at all |  | Extremely,,number,,10,,,y,RH,,,,
oc_2_cr_1,opioid_craving_scale_cue_reactivity_1,,slider,"In the past week, please rate how strong your desire to use opiates has been when something in the environment has reminded you of opiates. ",No desire |  | Extremely strong,,number,,10,,,,RH,,,, @HIDDEN
oc_3_cr_1,opioid_craving_scale_cue_reactivity_1,,slider,"Please imagine yourself in the environment in which you previously used opiates. If you were in this environment today and if it were the time of day that you typically used opiates, what is the likelihood that you would use opiates today? ",Not at all |  | I'm sure I would use opiates,,number,,10,,,,RH,,,, @HIDDEN
oc_total_cr_1,opioid_craving_scale_cue_reactivity_1,,calc,Total Score,"mean([oc_1_cr_1],[oc_2_cr_1],[oc_3_cr_1])",,,,,,,,,,,, @READONLY @HIDDEN
cr2_slides,opioid_craving_scale_cue_reactivity_2,,radio,For researcher: Which Cue Reactivity slide deck was used?,"1, IVDU Opioids 1 | 2, IVDU Opioids 2 | 3, IVDU Neutral | 4, Non-IVDU Opioids 1 | 5, Non-IVDU Opioids 2 | 6, Non-IVDU Neutral","IVDU/Non-IVDU is determined by subject's preferred method of administration. You can find whether the subject should be shown deck 1 or 2 in the ""Randomization Table-K-SAFE"" file under ""Study Materials/Measures/Cue Reactivity"" in Dropbox. NOTE: The subject should NOT necessarily be shown Deck 1 just because this is Cue Reactivity 1! Please check the table.",,,,,,y,,,,, @HIDDEN-SURVEY
oc_1_cr_2,opioid_craving_scale_cue_reactivity_2,,slider,How much do you currently crave opiates?,Not at all |  | Extremely,,number,,10,,,y,RH,,,,
oc_2_cr_2,opioid_craving_scale_cue_reactivity_2,,slider,"In the past week, please rate how strong your desire to use opiates has been when something in the environment has reminded you of opiates. ",No desire |  | Extremely strong,,number,,10,,,,RH,,,, @HIDDEN
oc_3_cr_2,opioid_craving_scale_cue_reactivity_2,,slider,"Please imagine yourself in the environment in which you previously used opiates. If you were in this environment today and if it were the time of day that you typically used opiates, what is the likelihood that you would use opiates today? ",Not at all |  | I'm sure I would use opiates,,number,,10,,,,RH,,,, @HIDDEN
oc_total_cr_2,opioid_craving_scale_cue_reactivity_2,,calc,Total Score,"mean([oc_1_cr_2],[oc_2_cr_2],[oc_3_cr_2])",,,,,,,,,,,, @READONLY @HIDDEN
tlfb_substance_0,tlfb,"In this survey, you will be asked if you have had alcohol or taken any illicit substances for each day over the past 28 days. If you answer yes, you will then be prompted to specify which substances. For alcohol, we will also ask you how many standard drinks you consumed.

Today:",checkbox,Which illicit substances or alcohol had been used on this day? ,"0, Alcohol | 1, Cannabis/Marijuana | 2, Cocaine | 3, Crack | 4, Amphetamine-type stimulants | 5, Opioid analgesics, including methadone | 6, Heroin or fentanyl | 7, Psychedelics/Hallucinogens | 8, Ketamine | 9, Sedatives and hypnotics, excluding Benzodiazepine | 10, Benzodiazepines | 11, Inhalants | 12, Other Drugs | 13, None",,,,,,,y,,,,,
tlfb_drinks_0,tlfb,,text,Number of standard drinks:,,,,,,,[tlfb_substance_0(0)]=1,y,,,,,
tlfb_other_0,tlfb,,text,What drug(s)?,,,,,,,[tlfb_substance_0(12)]=1,y,,,,,
tlfb_substance_1,tlfb,Yesterday:,checkbox,Which illicit substances or alcohol had been used on this day? ,"0, Alcohol | 1, Cannabis/Marijuana | 2, Cocaine | 3, Crack | 4, Amphetamine-type stimulants | 5, Opioid analgesics, including methadone | 6, Heroin or fentanyl | 7, Psychedelics/Hallucinogens | 8, Ketamine | 9, Sedatives and hypnotics, excluding Benzodiazepine | 10, Benzodiazepines | 11, Inhalants | 12, Other Drugs | 13, None",,,,,,,y,,,,,
tlfb_drinks_1,tlfb,,text,Number of standard drinks:,,,,,,,[tlfb_substance_1(0)]=1,y,,,,,
tlfb_other_1,tlfb,,text,What drug(s)?,,,,,,,[tlfb_substance_1(12)]=1,y,,,,,
tlfb_substance_2,tlfb,Two days ago:,checkbox,Which illicit substances or alcohol had been used on this day? ,"0, Alcohol | 1, Cannabis/Marijuana | 2, Cocaine | 3, Crack | 4, Amphetamine-type stimulants | 5, Opioid analgesics, including methadone | 6, Heroin or fentanyl | 7, Psychedelics/Hallucinogens | 8, Ketamine | 9, Sedatives and hypnotics, excluding Benzodiazepine | 10, Benzodiazepines | 11, Inhalants | 12, Other Drugs | 13, None",,,,,,,y,,,,,
tlfb_drinks_2,tlfb,,text,Number of standard drinks:,,,,,,,[tlfb_substance_2(0)]=1,y,,,,,
tlfb_other_2,tlfb,,text,What drug(s)?,,,,,,,[tlfb_substance_2(12)]=1,y,,,,,
tlfb_substance_3,tlfb,Three days ago:,checkbox,Which illicit substances or alcohol had been used on this day? ,"0, Alcohol | 1, Cannabis/Marijuana | 2, Cocaine | 3, Crack | 4, Amphetamine-type stimulants | 5, Opioid analgesics, including methadone | 6, Heroin or fentanyl | 7, Psychedelics/Hallucinogens | 8, Ketamine | 9, Sedatives and hypnotics, excluding Benzodiazepine | 10, Benzodiazepines | 11, Inhalants | 12, Other Drugs | 13, None",,,,,,,y,,,,,
tlfb_drinks_3,tlfb,,text,Number of standard drinks:,,,,,,,[tlfb_substance_3(0)]=1,y,,,,,
tlfb_other_3,tlfb,,text,What drug(s)?,,,,,,,[tlfb_substance_3(12)]=1,y,,,,,
tlfb_substance_4,tlfb,Four days ago:,checkbox,Which illicit substances or alcohol had been used on this day? ,"0, Alcohol | 1, Cannabis/Marijuana | 2, Cocaine | 3, Crack | 4, Amphetamine-type stimulants | 5, Opioid analgesics, including methadone | 6, Heroin or fentanyl | 7, Psychedelics/Hallucinogens | 8, Ketamine | 9, Sedatives and hypnotics, excluding Benzodiazepine | 10, Benzodiazepines | 11, Inhalants | 12, Other Drugs | 13, None",,,,,,,y,,,,,
tlfb_drinks_4,tlfb,,text,Number of standard drinks:,,,,,,,[tlfb_substance_4(0)]=1,y,,,,,
tlfb_other_4,tlfb,,text,What drug(s)?,,,,,,,[tlfb_substance_4(12)]=1,y,,,,,
tlfb_substance_5,tlfb,Five days ago:,checkbox,Which illicit substances or alcohol had been used on this day? ,"0, Alcohol | 1, Cannabis/Marijuana | 2, Cocaine | 3, Crack | 4, Amphetamine-type stimulants | 5, Opioid analgesics, including methadone | 6, Heroin or fentanyl | 7, Psychedelics/Hallucinogens | 8, Ketamine | 9, Sedatives and hypnotics, excluding Benzodiazepine | 10, Benzodiazepines | 11, Inhalants | 12, Other Drugs | 13, None",,,,,,,y,,,,,
tlfb_drinks_5,tlfb,,text,Number of standard drinks:,,,,,,,[tlfb_substance_5(0)]=1,y,,,,,
tlfb_other_5,tlfb,,text,What drug(s)?,,,,,,,[tlfb_substance_5(12)]=1,y,,,,,
tlfb_substance_6,tlfb,Six days ago:,checkbox,Which illicit substances or alcohol had been used on this day? ,"0, Alcohol | 1, Cannabis/Marijuana | 2, Cocaine | 3, Crack | 4, Amphetamine-type stimulants | 5, Opioid analgesics, including methadone | 6, Heroin or fentanyl | 7, Psychedelics/Hallucinogens | 8, Ketamine | 9, Sedatives and hypnotics, excluding Benzodiazepine | 10, Benzodiazepines | 11, Inhalants | 12, Other Drugs | 13, None",,,,,,,y,,,,,
tlfb_drinks_6,tlfb,,text,Number of standard drinks:,,,,,,,[tlfb_substance_6(0)]=1,y,,,,,
tlfb_other_6,tlfb,,text,What drug(s)?,,,,,,,[tlfb_substance_6(12)]=1,y,,,,,
tlfb_substance_7,tlfb,Seven days ago:,checkbox,Which illicit substances or alcohol had been used on this day? ,"0, Alcohol | 1, Cannabis/Marijuana | 2, Cocaine | 3, Crack | 4, Amphetamine-type stimulants | 5, Opioid analgesics, including methadone | 6, Heroin or fentanyl | 7, Psychedelics/Hallucinogens | 8, Ketamine | 9, Sedatives and hypnotics, excluding Benzodiazepine | 10, Benzodiazepines | 11, Inhalants | 12, Other Drugs | 13, None",,,,,,,y,,,,,
tlfb_drinks_7,tlfb,,text,Number of standard drinks:,,,,,,,[tlfb_substance_7(0)]=1,y,,,,,
tlfb_other_7,tlfb,,text,What drug(s)?,,,,,,,[tlfb_substance_7(12)]=1,y,,,,,
tlfb_substance_8,tlfb,Eight days ago:,checkbox,Which illicit substances or alcohol had been used on this day? ,"0, Alcohol | 1, Cannabis/Marijuana | 2, Cocaine | 3, Crack | 4, Amphetamine-type stimulants | 5, Opioid analgesics, including methadone | 6, Heroin or fentanyl | 7, Psychedelics/Hallucinogens | 8, Ketamine | 9, Sedatives and hypnotics, excluding Benzodiazepine | 10, Benzodiazepines | 11, Inhalants | 12, Other Drugs | 13, None",,,,,,,y,,,,,
tlfb_drinks_8,tlfb,,text,Number of standard drinks:,,,,,,,[tlfb_substance_8(0)]=1,y,,,,,
tlfb_other_8,tlfb,,text,What drug(s)?,,,,,,,[tlfb_substance_8(12)]=1,y,,,,,
tlfb_substance_9,tlfb,Nine days ago:,checkbox,Which illicit substances or alcohol had been used on this day? ,"0, Alcohol | 1, Cannabis/Marijuana | 2, Cocaine | 3, Crack | 4, Amphetamine-type stimulants | 5, Opioid analgesics, including methadone | 6, Heroin or fentanyl | 7, Psychedelics/Hallucinogens | 8, Ketamine | 9, Sedatives and hypnotics, excluding Benzodiazepine | 10, Benzodiazepines | 11, Inhalants | 12, Other Drugs | 13, None",,,,,,,y,,,,,
tlfb_drinks_9,tlfb,,text,Number of standard drinks:,,,,,,,[tlfb_substance_9(0)]=1,y,,,,,
tlfb_other_9,tlfb,,text,What drug(s)?,,,,,,,[tlfb_substance_9(12)]=1,y,,,,,
tlfb_substance_10,tlfb,Ten days ago:,checkbox,Which illicit substances or alcohol had been used on this day? ,"0, Alcohol | 1, Cannabis/Marijuana | 2, Cocaine | 3, Crack | 4, Amphetamine-type stimulants | 5, Opioid analgesics, including methadone | 6, Heroin or fentanyl | 7, Psychedelics/Hallucinogens | 8, Ketamine | 9, Sedatives and hypnotics, excluding Benzodiazepine | 10, Benzodiazepines | 11, Inhalants | 12, Other Drugs | 13, None",,,,,,,y,,,,,
tlfb_drinks_10,tlfb,,text,Number of standard drinks:,,,,,,,[tlfb_substance_10(0)]=1,y,,,,,
tlfb_other_10,tlfb,,text,What drug(s)?,,,,,,,[tlfb_substance_10(12)]=1,y,,,,,
tlfb_substance_11,tlfb,Eleven days ago:,checkbox,Which illicit substances or alcohol had been used on this day? ,"0, Alcohol | 1, Cannabis/Marijuana | 2, Cocaine | 3, Crack | 4, Amphetamine-type stimulants | 5, Opioid analgesics, including methadone | 6, Heroin or fentanyl | 7, Psychedelics/Hallucinogens | 8, Ketamine | 9, Sedatives and hypnotics, excluding Benzodiazepine | 10, Benzodiazepines | 11, Inhalants | 12, Other Drugs | 13, None",,,,,,,y,,,,,
tlfb_drinks_11,tlfb,,text,Number of standard drinks:,,,,,,,[tlfb_substance_11(0)]=1,y,,,,,
tlfb_other_11,tlfb,,text,What drug(s)?,,,,,,,[tlfb_substance_11(12)]=1,y,,,,,
tlfb_substance_12,tlfb,Twelve days ago:,checkbox,Which illicit substances or alcohol had been used on this day? ,"0, Alcohol | 1, Cannabis/Marijuana | 2, Cocaine | 3, Crack | 4, Amphetamine-type stimulants | 5, Opioid analgesics, including methadone | 6, Heroin or fentanyl | 7, Psychedelics/Hallucinogens | 8, Ketamine | 9, Sedatives and hypnotics, excluding Benzodiazepine | 10, Benzodiazepines | 11, Inhalants | 12, Other Drugs | 13, None",,,,,,,y,,,,,
tlfb_drinks_12,tlfb,,text,Number of standard drinks:,,,,,,,[tlfb_substance_12(0)]=1,y,,,,,
tlfb_other_12,tlfb,,text,What drug(s)?,,,,,,,[tlfb_substance_12(12)]=1,y,,,,,
tlfb_substance_13,tlfb,Thirteen days ago:,checkbox,Which illicit substances or alcohol had been used on this day? ,"0, Alcohol | 1, Cannabis/Marijuana | 2, Cocaine | 3, Crack | 4, Amphetamine-type stimulants | 5, Opioid analgesics, including methadone | 6, Heroin or fentanyl | 7, Psychedelics/Hallucinogens | 8, Ketamine | 9, Sedatives and hypnotics, excluding Benzodiazepine | 10, Benzodiazepines | 11, Inhalants | 12, Other Drugs | 13, None",,,,,,,y,,,,,
tlfb_drinks_13,tlfb,,text,Number of standard drinks:,,,,,,,[tlfb_substance_13(0)]=1,y,,,,,
tlfb_other_13,tlfb,,text,What drug(s)?,,,,,,,[tlfb_substance_13(12)]=1,y,,,,,
tlfb_substance_14,tlfb,Fourteen days ago:,checkbox,Which illicit substances or alcohol had been used on this day? ,"0, Alcohol | 1, Cannabis/Marijuana | 2, Cocaine | 3, Crack | 4, Amphetamine-type stimulants | 5, Opioid analgesics, including methadone | 6, Heroin or fentanyl | 7, Psychedelics/Hallucinogens | 8, Ketamine | 9, Sedatives and hypnotics, excluding Benzodiazepine | 10, Benzodiazepines | 11, Inhalants | 12, Other Drugs | 13, None",,,,,,,y,,,,,
tlfb_drinks_14,tlfb,,text,Number of standard drinks:,,,,,,,[tlfb_substance_14(0)]=1,y,,,,,
tlfb_other_14,tlfb,,text,What drug(s)?,,,,,,,[tlfb_substance_14(12)]=1,y,,,,,
tlfb_substance_15,tlfb,Fifteen days ago:,checkbox,Which illicit substances or alcohol had been used on this day? ,"0, Alcohol | 1, Cannabis/Marijuana | 2, Cocaine | 3, Crack | 4, Amphetamine-type stimulants | 5, Opioid analgesics, including methadone | 6, Heroin or fentanyl | 7, Psychedelics/Hallucinogens | 8, Ketamine | 9, Sedatives and hypnotics, excluding Benzodiazepine | 10, Benzodiazepines | 11, Inhalants | 12, Other Drugs | 13, None",,,,,,,y,,,,,
tlfb_drinks_15,tlfb,,text,Number of standard drinks:,,,,,,,[tlfb_substance_15(0)]=1,y,,,,,
tlfb_other_15,tlfb,,text,What drug(s)?,,,,,,,[tlfb_substance_15(12)]=1,y,,,,,
tlfb_substance_16,tlfb,Sixteen days ago:,checkbox,Which illicit substances or alcohol had been used on this day? ,"0, Alcohol | 1, Cannabis/Marijuana | 2, Cocaine | 3, Crack | 4, Amphetamine-type stimulants | 5, Opioid analgesics, including methadone | 6, Heroin or fentanyl | 7, Psychedelics/Hallucinogens | 8, Ketamine | 9, Sedatives and hypnotics, excluding Benzodiazepine | 10, Benzodiazepines | 11, Inhalants | 12, Other Drugs | 13, None",,,,,,,y,,,,,
tlfb_drinks_16,tlfb,,text,Number of standard drinks:,,,,,,,[tlfb_substance_16(0)]=1,y,,,,,
tlfb_other_16,tlfb,,text,What drug(s)?,,,,,,,[tlfb_substance_16(12)]=1,y,,,,,
tlfb_substance_17,tlfb,Seventeen days ago:,checkbox,Which illicit substances or alcohol had been used on this day? ,"0, Alcohol | 1, Cannabis/Marijuana | 2, Cocaine | 3, Crack | 4, Amphetamine-type stimulants | 5, Opioid analgesics, including methadone | 6, Heroin or fentanyl | 7, Psychedelics/Hallucinogens | 8, Ketamine | 9, Sedatives and hypnotics, excluding Benzodiazepine | 10, Benzodiazepines | 11, Inhalants | 12, Other Drugs | 13, None",,,,,,,y,,,,,
tlfb_drinks_17,tlfb,,text,Number of standard drinks:,,,,,,,[tlfb_substance_17(0)]=1,y,,,,,
tlfb_other_17,tlfb,,text,What drug(s)?,,,,,,,[tlfb_substance_17(12)]=1,y,,,,,
tlfb_substance_18,tlfb,Eighteen days ago:,checkbox,Which illicit substances or alcohol had been used on this day? ,"0, Alcohol | 1, Cannabis/Marijuana | 2, Cocaine | 3, Crack | 4, Amphetamine-type stimulants | 5, Opioid analgesics, including methadone | 6, Heroin or fentanyl | 7, Psychedelics/Hallucinogens | 8, Ketamine | 9, Sedatives and hypnotics, excluding Benzodiazepine | 10, Benzodiazepines | 11, Inhalants | 12, Other Drugs | 13, None",,,,,,,y,,,,,
tlfb_drinks_18,tlfb,,text,Number of standard drinks:,,,,,,,[tlfb_substance_18(0)]=1,y,,,,,
tlfb_other_18,tlfb,,text,What drug(s)?,,,,,,,[tlfb_substance_18(12)]=1,y,,,,,
tlfb_substance_19,tlfb,Nineteen days ago:,checkbox,Which illicit substances or alcohol had been used on this day? ,"0, Alcohol | 1, Cannabis/Marijuana | 2, Cocaine | 3, Crack | 4, Amphetamine-type stimulants | 5, Opioid analgesics, including methadone | 6, Heroin or fentanyl | 7, Psychedelics/Hallucinogens | 8, Ketamine | 9, Sedatives and hypnotics, excluding Benzodiazepine | 10, Benzodiazepines | 11, Inhalants | 12, Other Drugs | 13, None",,,,,,,y,,,,,
tlfb_drinks_19,tlfb,,text,Number of standard drinks:,,,,,,,[tlfb_substance_19(0)]=1,y,,,,,
tlfb_other_19,tlfb,,text,What drug(s)?,,,,,,,[tlfb_substance_19(12)]=1,y,,,,,
tlfb_substance_20,tlfb,Twenty days ago:,checkbox,Which illicit substances or alcohol had been used on this day? ,"0, Alcohol | 1, Cannabis/Marijuana | 2, Cocaine | 3, Crack | 4, Amphetamine-type stimulants | 5, Opioid analgesics, including methadone | 6, Heroin or fentanyl | 7, Psychedelics/Hallucinogens | 8, Ketamine | 9, Sedatives and hypnotics, excluding Benzodiazepine | 10, Benzodiazepines | 11, Inhalants | 12, Other Drugs | 13, None",,,,,,,y,,,,,
tlfb_drinks_20,tlfb,,text,Number of standard drinks:,,,,,,,[tlfb_substance_20(0)]=1,y,,,,,
tlfb_other_20,tlfb,,text,What drug(s)?,,,,,,,[tlfb_substance_20(12)]=1,y,,,,,
tlfb_substance_21,tlfb,Twenty-one days ago,checkbox,Which illicit substances or alcohol had been used on this day? ,"0, Alcohol | 1, Cannabis/Marijuana | 2, Cocaine | 3, Crack | 4, Amphetamine-type stimulants | 5, Opioid analgesics, including methadone | 6, Heroin or fentanyl | 7, Psychedelics/Hallucinogens | 8, Ketamine | 9, Sedatives and hypnotics, excluding Benzodiazepine | 10, Benzodiazepines | 11, Inhalants | 12, Other Drugs | 13, None",,,,,,,y,,,,,
tlfb_drinks_21,tlfb,,text,Number of standard drinks:,,,,,,,[tlfb_substance_21(0)]=1,y,,,,,
tlfb_other_21,tlfb,,text,What drug(s)?,,,,,,,[tlfb_substance_21(12)]=1,y,,,,,
tlfb_substance_22,tlfb,Twenty-two days ago:,checkbox,Which illicit substances or alcohol had been used on this day? ,"0, Alcohol | 1, Cannabis/Marijuana | 2, Cocaine | 3, Crack | 4, Amphetamine-type stimulants | 5, Opioid analgesics, including methadone | 6, Heroin or fentanyl | 7, Psychedelics/Hallucinogens | 8, Ketamine | 9, Sedatives and hypnotics, excluding Benzodiazepine | 10, Benzodiazepines | 11, Inhalants | 12, Other Drugs | 13, None",,,,,,,y,,,,,
tlfb_drinks_22,tlfb,,text,Number of standard drinks:,,,,,,,[tlfb_substance_22(0)]=1,y,,,,,
tlfb_other_22,tlfb,,text,What drug(s)?,,,,,,,[tlfb_substance_22(12)]=1,y,,,,,
tlfb_substance_23,tlfb,Twenty-three days ago:,checkbox,Which illicit substances or alcohol had been used on this day? ,"0, Alcohol | 1, Cannabis/Marijuana | 2, Cocaine | 3, Crack | 4, Amphetamine-type stimulants | 5, Opioid analgesics, including methadone | 6, Heroin or fentanyl | 7, Psychedelics/Hallucinogens | 8, Ketamine | 9, Sedatives and hypnotics, excluding Benzodiazepine | 10, Benzodiazepines | 11, Inhalants | 12, Other Drugs | 13, None",,,,,,,y,,,,,
tlfb_drinks_23,tlfb,,text,Number of standard drinks:,,,,,,,[tlfb_substance_23(0)]=1,y,,,,,
tlfb_other_23,tlfb,,text,What drug(s)?,,,,,,,[tlfb_substance_23(12)]=1,y,,,,,
tlfb_substance_24,tlfb,Twenty-four days ago:,checkbox,Which illicit substances or alcohol had been used on this day? ,"0, Alcohol | 1, Cannabis/Marijuana | 2, Cocaine | 3, Crack | 4, Amphetamine-type stimulants | 5, Opioid analgesics, including methadone | 6, Heroin or fentanyl | 7, Psychedelics/Hallucinogens | 8, Ketamine | 9, Sedatives and hypnotics, excluding Benzodiazepine | 10, Benzodiazepines | 11, Inhalants | 12, Other Drugs | 13, None",,,,,,,y,,,,,
tlfb_drinks_24,tlfb,,text,Number of standard drinks:,,,,,,,[tlfb_substance_24(0)]=1,y,,,,,
tlfb_other_24,tlfb,,text,What drug(s)?,,,,,,,[tlfb_substance_24(12)]=1,y,,,,,
tlfb_substance_25,tlfb,Twenty-five days ago:,checkbox,Which illicit substances or alcohol had been used on this day? ,"0, Alcohol | 1, Cannabis/Marijuana | 2, Cocaine | 3, Crack | 4, Amphetamine-type stimulants | 5, Opioid analgesics, including methadone | 6, Heroin or fentanyl | 7, Psychedelics/Hallucinogens | 8, Ketamine | 9, Sedatives and hypnotics, excluding Benzodiazepine | 10, Benzodiazepines | 11, Inhalants | 12, Other Drugs | 13, None",,,,,,,y,,,,,
tlfb_drinks_25,tlfb,,text,Number of standard drinks:,,,,,,,[tlfb_substance_25(0)]=1,y,,,,,
tlfb_other_25,tlfb,,text,What drug(s)?,,,,,,,[tlfb_substance_25(12)]=1,y,,,,,
tlfb_substance_26,tlfb,Twenty-six days ago:,checkbox,Which illicit substances or alcohol had been used on this day? ,"0, Alcohol | 1, Cannabis/Marijuana | 2, Cocaine | 3, Crack | 4, Amphetamine-type stimulants | 5, Opioid analgesics, including methadone | 6, Heroin or fentanyl | 7, Psychedelics/Hallucinogens | 8, Ketamine | 9, Sedatives and hypnotics, excluding Benzodiazepine | 10, Benzodiazepines | 11, Inhalants | 12, Other Drugs | 13, None",,,,,,,y,,,,,
tlfb_drinks_26,tlfb,,text,Number of standard drinks:,,,,,,,[tlfb_substance_26(0)]=1,y,,,,,
tlfb_other_26,tlfb,,text,What drug(s)?,,,,,,,[tlfb_substance_26(12)]=1,y,,,,,
tlfb_substance_27,tlfb,Twenty-seven days ago:,checkbox,Which illicit substances or alcohol had been used on this day? ,"0, Alcohol | 1, Cannabis/Marijuana | 2, Cocaine | 3, Crack | 4, Amphetamine-type stimulants | 5, Opioid analgesics, including methadone | 6, Heroin or fentanyl | 7, Psychedelics/Hallucinogens | 8, Ketamine | 9, Sedatives and hypnotics, excluding Benzodiazepine | 10, Benzodiazepines | 11, Inhalants | 12, Other Drugs | 13, None",,,,,,,y,,,,,
tlfb_drinks_27,tlfb,,text,Number of standard drinks:,,,,,,,[tlfb_substance_27(0)]=1,y,,,,,
tlfb_other_27,tlfb,,text,What drug(s)?,,,,,,,[tlfb_substance_27(12)]=1,y,,,,,
tlfb_substance_28,tlfb,Twenty-eight days ago:,checkbox,Which illicit substances or alcohol had been used on this day? ,"0, Alcohol | 1, Cannabis/Marijuana | 2, Cocaine | 3, Crack | 4, Amphetamine-type stimulants | 5, Opioid analgesics, including methadone | 6, Heroin or fentanyl | 7, Psychedelics/Hallucinogens | 8, Ketamine | 9, Sedatives and hypnotics, excluding Benzodiazepine | 10, Benzodiazepines | 11, Inhalants | 12, Other Drugs | 13, None",,,,,,,y,,,,,
tlfb_drinks_28,tlfb,,text,Number of standard drinks:,,,,,,,[tlfb_substance_28(0)]=1,y,,,,,
tlfb_other_28,tlfb,,text,What drug(s)?,,,,,,,[tlfb_substance_28(12)]=1,y,,,,,
tlfb7_substance_0,tlfb_aa95d6,"In this survey, you will be asked if you have had alcohol or taken any illicit substances for each day over the past 5 to 9 days. If you answer yes, you will then be prompted to specify which substances. For alcohol, we will also ask you how many standard drinks you consumed.

Today:",checkbox,Which illicit substances or alcohol had been used on this day? ,"0, Alcohol | 1, Cannabis/Marijuana | 2, Cocaine | 3, Crack | 4, Amphetamine-type stimulants | 5, Opioid analgesics, including methadone | 6, Heroin or fentanyl | 7, Psychedelics/Hallucinogens | 8, Ketamine | 9, Sedatives and hypnotics, excluding Benzodiazepine | 10, Benzodiazepines | 11, Inhalants | 12, Other Drugs | 13, None",,,,,,,y,,,,,
tlfb7_drinks_0,tlfb_aa95d6,,text,Number of standard drinks:,,,,,,,[tlfb7_substance_0(0)]=1,y,,,,,
tlfb7_other_0,tlfb_aa95d6,,text,What drug(s)?,,,,,,,[tlfb7_substance_0(12)]=1,y,,,,,
tlfb7_substance_1,tlfb_aa95d6,Yesterday:,checkbox,Which illicit substances or alcohol had been used on this day? ,"0, Alcohol | 1, Cannabis/Marijuana | 2, Cocaine | 3, Crack | 4, Amphetamine-type stimulants | 5, Opioid analgesics, including methadone | 6, Heroin or fentanyl | 7, Psychedelics/Hallucinogens | 8, Ketamine | 9, Sedatives and hypnotics, excluding Benzodiazepine | 10, Benzodiazepines | 11, Inhalants | 12, Other Drugs | 13, None",,,,,,,y,,,,,
tlfb7_drinks_1,tlfb_aa95d6,,text,Number of standard drinks:,,,,,,,[tlfb7_substance_1(0)]=1,y,,,,,
tlfb7_other_1,tlfb_aa95d6,,text,What drug(s)?,,,,,,,[tlfb7_substance_1(12)]=1,y,,,,,
tlfb7_substance_2,tlfb_aa95d6,Two days ago:,checkbox,Which illicit substances or alcohol had been used on this day? ,"0, Alcohol | 1, Cannabis/Marijuana | 2, Cocaine | 3, Crack | 4, Amphetamine-type stimulants | 5, Opioid analgesics, including methadone | 6, Heroin or fentanyl | 7, Psychedelics/Hallucinogens | 8, Ketamine | 9, Sedatives and hypnotics, excluding Benzodiazepine | 10, Benzodiazepines | 11, Inhalants | 12, Other Drugs | 13, None",,,,,,,y,,,,,
tlfb7_drinks_2,tlfb_aa95d6,,text,Number of standard drinks:,,,,,,,[tlfb7_substance_2(0)]=1,y,,,,,
tlfb7_other_2,tlfb_aa95d6,,text,What drug(s)?,,,,,,,[tlfb7_substance_2(12)]=1,y,,,,,
tlfb7_substance_3,tlfb_aa95d6,Three days ago:,checkbox,Which illicit substances or alcohol had been used on this day? ,"0, Alcohol | 1, Cannabis/Marijuana | 2, Cocaine | 3, Crack | 4, Amphetamine-type stimulants | 5, Opioid analgesics, including methadone | 6, Heroin or fentanyl | 7, Psychedelics/Hallucinogens | 8, Ketamine | 9, Sedatives and hypnotics, excluding Benzodiazepine | 10, Benzodiazepines | 11, Inhalants | 12, Other Drugs | 13, None",,,,,,,y,,,,,
tlfb7_drinks_3,tlfb_aa95d6,,text,Number of standard drinks:,,,,,,,[tlfb7_substance_3(0)]=1,y,,,,,
tlfb7_other_3,tlfb_aa95d6,,text,What drug(s)?,,,,,,,[tlfb7_substance_3(12)]=1,y,,,,,
tlfb7_substance_4,tlfb_aa95d6,Four days ago:,checkbox,Which illicit substances or alcohol had been used on this day? ,"0, Alcohol | 1, Cannabis/Marijuana | 2, Cocaine | 3, Crack | 4, Amphetamine-type stimulants | 5, Opioid analgesics, including methadone | 6, Heroin or fentanyl | 7, Psychedelics/Hallucinogens | 8, Ketamine | 9, Sedatives and hypnotics, excluding Benzodiazepine | 10, Benzodiazepines | 11, Inhalants | 12, Other Drugs | 13, None",,,,,,,y,,,,,
tlfb7_drinks_4,tlfb_aa95d6,,text,Number of standard drinks:,,,,,,,[tlfb7_substance_4(0)]=1,y,,,,,
tlfb7_other_4,tlfb_aa95d6,,text,What drug(s)?,,,,,,,[tlfb7_substance_4(12)]=1,y,,,,,
tlfb7_substance_5,tlfb_aa95d6,Five days ago:,checkbox,Which illicit substances or alcohol had been used on this day? ,"0, Alcohol | 1, Cannabis/Marijuana | 2, Cocaine | 3, Crack | 4, Amphetamine-type stimulants | 5, Opioid analgesics, including methadone | 6, Heroin or fentanyl | 7, Psychedelics/Hallucinogens | 8, Ketamine | 9, Sedatives and hypnotics, excluding Benzodiazepine | 10, Benzodiazepines | 11, Inhalants | 12, Other Drugs | 13, None",,,,,,,y,,,,,
tlfb7_drinks_5,tlfb_aa95d6,,text,Number of standard drinks:,,,,,,,[tlfb7_substance_5(0)]=1,y,,,,,
tlfb7_other_5,tlfb_aa95d6,,text,What drug(s)?,,,,,,,[tlfb7_substance_5(12)]=1,y,,,,,
tlfb7_more,tlfb_aa95d6,,yesno,(For RA - Do not ask) Do you need to collect another day of history?,,"For example, if the participant's last visit was six or more days ago, you should answer ""yes.""",,,,,,y,,,,,
tlfb7_substance_6,tlfb_aa95d6,Six days ago:,checkbox,Which illicit substances or alcohol had been used on this day? ,"0, Alcohol | 1, Cannabis/Marijuana | 2, Cocaine | 3, Crack | 4, Amphetamine-type stimulants | 5, Opioid analgesics, including methadone | 6, Heroin or fentanyl | 7, Psychedelics/Hallucinogens | 8, Ketamine | 9, Sedatives and hypnotics, excluding Benzodiazepine | 10, Benzodiazepines | 11, Inhalants | 12, Other Drugs | 13, None",,,,,,[tlfb7_more]=1,y,,,,,
tlfb7_drinks_6,tlfb_aa95d6,,text,Number of standard drinks:,,,,,,,[tlfb7_substance_6(0)]=1,y,,,,,
tlfb7_other_6,tlfb_aa95d6,,text,What drug(s)?,,,,,,,[tlfb7_substance_6(12)]=1,y,,,,,
tlfb7_more_2,tlfb_aa95d6,,yesno,(For RA - Do not ask) Do you need to collect another day of history?,,,,,,,[tlfb7_more]=1,y,,,,,
tlfb7_substance_7,tlfb_aa95d6,Seven days ago:,checkbox,Which illicit substances or alcohol had been used on this day? ,"0, Alcohol | 1, Cannabis/Marijuana | 2, Cocaine | 3, Crack | 4, Amphetamine-type stimulants | 5, Opioid analgesics, including methadone | 6, Heroin or fentanyl | 7, Psychedelics/Hallucinogens | 8, Ketamine | 9, Sedatives and hypnotics, excluding Benzodiazepine | 10, Benzodiazepines | 11, Inhalants | 12, Other Drugs | 13, None",,,,,,[tlfb7_more_2]=1,y,,,,,
tlfb7_drinks_7,tlfb_aa95d6,,text,Number of standard drinks:,,,,,,,[tlfb7_substance_7(0)]=1,y,,,,,
tlfb7_other_7,tlfb_aa95d6,,text,What drug(s)?,,,,,,,[tlfb7_substance_7(12)]=1,y,,,,,
tlfb7_more_3,tlfb_aa95d6,,yesno,(For RA - Do not ask) Do you need to collect another day of history?,,,,,,,[tlfb7_more_2]=1,y,,,,,
tlfb7_substance_8,tlfb_aa95d6,Eight days ago:,checkbox,Which illicit substances or alcohol had been used on this day? ,"0, Alcohol | 1, Cannabis/Marijuana | 2, Cocaine | 3, Crack | 4, Amphetamine-type stimulants | 5, Opioid analgesics, including methadone | 6, Heroin or fentanyl | 7, Psychedelics/Hallucinogens | 8, Ketamine | 9, Sedatives and hypnotics, excluding Benzodiazepine | 10, Benzodiazepines | 11, Inhalants | 12, Other Drugs | 13, None",,,,,,[tlfb7_more_3]=1,y,,,,,
tlfb7_drinks_8,tlfb_aa95d6,,text,Number of standard drinks:,,,,,,,[tlfb7_substance_8(0)]=1,y,,,,,
tlfb7_other_8,tlfb_aa95d6,,text,What drug(s)?,,,,,,,[tlfb7_substance_8(12)]=1,y,,,,,
tlfb7_more_4,tlfb_aa95d6,,yesno,(For RA - Do not ask) Do you need to collect another day of history?,,,,,,,[tlfb7_more_3]=1,y,,,,,
tlfb7_substance_9,tlfb_aa95d6,Nine days ago:,checkbox,Which illicit substances or alcohol had been used on this day? ,"0, Alcohol | 1, Cannabis/Marijuana | 2, Cocaine | 3, Crack | 4, Amphetamine-type stimulants | 5, Opioid analgesics, including methadone | 6, Heroin or fentanyl | 7, Psychedelics/Hallucinogens | 8, Ketamine | 9, Sedatives and hypnotics, excluding Benzodiazepine | 10, Benzodiazepines | 11, Inhalants | 12, Other Drugs | 13, None",,,,,,[tlfb7_more_4]=1,y,,,,,
tlfb7_drinks_9,tlfb_aa95d6,,text,Number of standard drinks:,,,,,,,[tlfb7_substance_9(0)]=1,y,,,,,
tlfb7_other_9,tlfb_aa95d6,,text,What drug(s)?,,,,,,,[tlfb7_substance_9(12)]=1,y,,,,,
tlfb14_substance_0,tlfb14,"In this survey, you will be asked if you have had alcohol or taken any illicit substances for each day over the past 12 to 16 days. If you answer yes, you will then be prompted to specify which substances. For alcohol, we will also ask you how many standard drinks you consumed.

Today:",checkbox,Which illicit substances or alcohol had been used on this day? ,"0, Alcohol | 1, Cannabis/Marijuana | 2, Cocaine | 3, Crack | 4, Amphetamine-type stimulants | 5, Opioid analgesics, including methadone | 6, Heroin or fentanyl | 7, Psychedelics/Hallucinogens | 8, Ketamine | 9, Sedatives and hypnotics, excluding Benzodiazepine | 10, Benzodiazepines | 11, Inhalants | 12, Other Drugs | 13, None",,,,,,,y,,,,,
tlfb14_drinks_0,tlfb14,,text,Number of standard drinks:,,,,,,,[tlfb14_substance_0(0)]=1,y,,,,,
tlfb14_other_0,tlfb14,,text,What drug(s)?,,,,,,,[tlfb14_substance_0(12)]=1,y,,,,,
tlfb14_substance_1,tlfb14,Yesterday:,checkbox,Which illicit substances or alcohol had been used on this day? ,"0, Alcohol | 1, Cannabis/Marijuana | 2, Cocaine | 3, Crack | 4, Amphetamine-type stimulants | 5, Opioid analgesics, including methadone | 6, Heroin or fentanyl | 7, Psychedelics/Hallucinogens | 8, Ketamine | 9, Sedatives and hypnotics, excluding Benzodiazepine | 10, Benzodiazepines | 11, Inhalants | 12, Other Drugs | 13, None",,,,,,,y,,,,,
tlfb14_drinks_1,tlfb14,,text,Number of standard drinks:,,,,,,,[tlfb14_substance_1(0)]=1,y,,,,,
tlfb14_other_1,tlfb14,,text,What drug(s)?,,,,,,,[tlfb14_substance_1(12)]=1,y,,,,,
tlfb14_substance_2,tlfb14,Two days ago:,checkbox,Which illicit substances or alcohol had been used on this day? ,"0, Alcohol | 1, Cannabis/Marijuana | 2, Cocaine | 3, Crack | 4, Amphetamine-type stimulants | 5, Opioid analgesics, including methadone | 6, Heroin or fentanyl | 7, Psychedelics/Hallucinogens | 8, Ketamine | 9, Sedatives and hypnotics, excluding Benzodiazepine | 10, Benzodiazepines | 11, Inhalants | 12, Other Drugs | 13, None",,,,,,,y,,,,,
tlfb14_drinks_2,tlfb14,,text,Number of standard drinks:,,,,,,,[tlfb14_substance_2(0)]=1,y,,,,,
tlfb14_other_2,tlfb14,,text,What drug(s)?,,,,,,,[tlfb14_substance_2(12)]=1,y,,,,,
tlfb14_substance_3,tlfb14,Three days ago:,checkbox,Which illicit substances or alcohol had been used on this day? ,"0, Alcohol | 1, Cannabis/Marijuana | 2, Cocaine | 3, Crack | 4, Amphetamine-type stimulants | 5, Opioid analgesics, including methadone | 6, Heroin or fentanyl | 7, Psychedelics/Hallucinogens | 8, Ketamine | 9, Sedatives and hypnotics, excluding Benzodiazepine | 10, Benzodiazepines | 11, Inhalants | 12, Other Drugs | 13, None",,,,,,,y,,,,,
tlfb14_drinks_3,tlfb14,,text,Number of standard drinks:,,,,,,,[tlfb14_substance_3(0)]=1,y,,,,,
tlfb14_other_3,tlfb14,,text,What drug(s)?,,,,,,,[tlfb14_substance_3(12)]=1,y,,,,,
tlfb14_substance_4,tlfb14,Four days ago:,checkbox,Which illicit substances or alcohol had been used on this day? ,"0, Alcohol | 1, Cannabis/Marijuana | 2, Cocaine | 3, Crack | 4, Amphetamine-type stimulants | 5, Opioid analgesics, including methadone | 6, Heroin or fentanyl | 7, Psychedelics/Hallucinogens | 8, Ketamine | 9, Sedatives and hypnotics, excluding Benzodiazepine | 10, Benzodiazepines | 11, Inhalants | 12, Other Drugs | 13, None",,,,,,,y,,,,,
tlfb14_drinks_4,tlfb14,,text,Number of standard drinks:,,,,,,,[tlfb14_substance_4(0)]=1,y,,,,,
tlfb14_other_4,tlfb14,,text,What drug(s)?,,,,,,,[tlfb14_substance_4(12)]=1,y,,,,,
tlfb14_substance_5,tlfb14,Five days ago:,checkbox,Which illicit substances or alcohol had been used on this day? ,"0, Alcohol | 1, Cannabis/Marijuana | 2, Cocaine | 3, Crack | 4, Amphetamine-type stimulants | 5, Opioid analgesics, including methadone | 6, Heroin or fentanyl | 7, Psychedelics/Hallucinogens | 8, Ketamine | 9, Sedatives and hypnotics, excluding Benzodiazepine | 10, Benzodiazepines | 11, Inhalants | 12, Other Drugs | 13, None",,,,,,,y,,,,,
tlfb14_drinks_5,tlfb14,,text,Number of standard drinks:,,,,,,,[tlfb14_substance_5(0)]=1,y,,,,,
tlfb14_other_5,tlfb14,,text,What drug(s)?,,,,,,,[tlfb14_substance_5(12)]=1,y,,,,,
tlfb14_substance_6,tlfb14,Six days ago:,checkbox,Which illicit substances or alcohol had been used on this day? ,"0, Alcohol | 1, Cannabis/Marijuana | 2, Cocaine | 3, Crack | 4, Amphetamine-type stimulants | 5, Opioid analgesics, including methadone | 6, Heroin or fentanyl | 7, Psychedelics/Hallucinogens | 8, Ketamine | 9, Sedatives and hypnotics, excluding Benzodiazepine | 10, Benzodiazepines | 11, Inhalants | 12, Other Drugs | 13, None",,,,,,,y,,,,,
tlfb14_drinks_6,tlfb14,,text,Number of standard drinks:,,,,,,,[tlfb14_substance_6(0)]=1,y,,,,,
tlfb14_other_6,tlfb14,,text,What drug(s)?,,,,,,,[tlfb14_substance_6(12)]=1,y,,,,,
tlfb14_substance_7,tlfb14,Seven days ago:,checkbox,Which illicit substances or alcohol had been used on this day? ,"0, Alcohol | 1, Cannabis/Marijuana | 2, Cocaine | 3, Crack | 4, Amphetamine-type stimulants | 5, Opioid analgesics, including methadone | 6, Heroin or fentanyl | 7, Psychedelics/Hallucinogens | 8, Ketamine | 9, Sedatives and hypnotics, excluding Benzodiazepine | 10, Benzodiazepines | 11, Inhalants | 12, Other Drugs | 13, None",,,,,,,y,,,,,
tlfb14_drinks_7,tlfb14,,text,Number of standard drinks:,,,,,,,[tlfb14_substance_7(0)]=1,y,,,,,
tlfb14_other_7,tlfb14,,text,What drug(s)?,,,,,,,[tlfb14_substance_7(12)]=1,y,,,,,
tlfb14_substance_8,tlfb14,Eight days ago:,checkbox,Which illicit substances or alcohol had been used on this day? ,"0, Alcohol | 1, Cannabis/Marijuana | 2, Cocaine | 3, Crack | 4, Amphetamine-type stimulants | 5, Opioid analgesics, including methadone | 6, Heroin or fentanyl | 7, Psychedelics/Hallucinogens | 8, Ketamine | 9, Sedatives and hypnotics, excluding Benzodiazepine | 10, Benzodiazepines | 11, Inhalants | 12, Other Drugs | 13, None",,,,,,,y,,,,,
tlfb14_drinks_8,tlfb14,,text,Number of standard drinks:,,,,,,,[tlfb14_substance_8(0)]=1,y,,,,,
tlfb14_other_8,tlfb14,,text,What drug(s)?,,,,,,,[tlfb14_substance_8(12)]=1,y,,,,,
tlfb14_substance_9,tlfb14,Nine days ago:,checkbox,Which illicit substances or alcohol had been used on this day? ,"0, Alcohol | 1, Cannabis/Marijuana | 2, Cocaine | 3, Crack | 4, Amphetamine-type stimulants | 5, Opioid analgesics, including methadone | 6, Heroin or fentanyl | 7, Psychedelics/Hallucinogens | 8, Ketamine | 9, Sedatives and hypnotics, excluding Benzodiazepine | 10, Benzodiazepines | 11, Inhalants | 12, Other Drugs | 13, None",,,,,,,y,,,,,
tlfb14_drinks_9,tlfb14,,text,Number of standard drinks:,,,,,,,[tlfb14_substance_9(0)]=1,y,,,,,
tlfb14_other_9,tlfb14,,text,What drug(s)?,,,,,,,[tlfb14_substance_9(12)]=1,y,,,,,
tlfb14_substance_10,tlfb14,Ten days ago:,checkbox,Which illicit substances or alcohol had been used on this day? ,"0, Alcohol | 1, Cannabis/Marijuana | 2, Cocaine | 3, Crack | 4, Amphetamine-type stimulants | 5, Opioid analgesics, including methadone | 6, Heroin or fentanyl | 7, Psychedelics/Hallucinogens | 8, Ketamine | 9, Sedatives and hypnotics, excluding Benzodiazepine | 10, Benzodiazepines | 11, Inhalants | 12, Other Drugs | 13, None",,,,,,,y,,,,,
tlfb14_drinks_10,tlfb14,,text,Number of standard drinks:,,,,,,,[tlfb14_substance_10(0)]=1,y,,,,,
tlfb14_other_10,tlfb14,,text,What drug(s)?,,,,,,,[tlfb14_substance_10(12)]=1,y,,,,,
tlfb14_substance_11,tlfb14,Eleven days ago:,checkbox,Which illicit substances or alcohol had been used on this day? ,"0, Alcohol | 1, Cannabis/Marijuana | 2, Cocaine | 3, Crack | 4, Amphetamine-type stimulants | 5, Opioid analgesics, including methadone | 6, Heroin or fentanyl | 7, Psychedelics/Hallucinogens | 8, Ketamine | 9, Sedatives and hypnotics, excluding Benzodiazepine | 10, Benzodiazepines | 11, Inhalants | 12, Other Drugs | 13, None",,,,,,,y,,,,,
tlfb14_drinks_11,tlfb14,,text,Number of standard drinks:,,,,,,,[tlfb14_substance_11(0)]=1,y,,,,,
tlfb14_other_11,tlfb14,,text,What drug(s)?,,,,,,,[tlfb14_substance_11(12)]=1,y,,,,,
tlfb14_substance_12,tlfb14,Twelve days ago:,checkbox,Which illicit substances or alcohol had been used on this day? ,"0, Alcohol | 1, Cannabis/Marijuana | 2, Cocaine | 3, Crack | 4, Amphetamine-type stimulants | 5, Opioid analgesics, including methadone | 6, Heroin or fentanyl | 7, Psychedelics/Hallucinogens | 8, Ketamine | 9, Sedatives and hypnotics, excluding Benzodiazepine | 10, Benzodiazepines | 11, Inhalants | 12, Other Drugs | 13, None",,,,,,,y,,,,,
tlfb14_drinks_12,tlfb14,,text,Number of standard drinks:,,,,,,,[tlfb14_substance_12(0)]=1,y,,,,,
tlfb14_other_12,tlfb14,,text,What drug(s)?,,,,,,,[tlfb14_substance_12(12)]=1,y,,,,,
tlfb14_more,tlfb14,,yesno,(For RA - Do not ask) Do you need to collect another day of history?,,"For example, if the participant's last visit was thirteen or more days ago, you should answer ""yes.""",,,,,,y,,,,,
tlfb14_substance_13,tlfb14,Thirteen days ago:,checkbox,Which illicit substances or alcohol had been used on this day? ,"0, Alcohol | 1, Cannabis/Marijuana | 2, Cocaine | 3, Crack | 4, Amphetamine-type stimulants | 5, Opioid analgesics, including methadone | 6, Heroin or fentanyl | 7, Psychedelics/Hallucinogens | 8, Ketamine | 9, Sedatives and hypnotics, excluding Benzodiazepine | 10, Benzodiazepines | 11, Inhalants | 12, Other Drugs | 13, None",,,,,,[tlfb14_more]=1,y,,,,,
tlfb14_drinks_13,tlfb14,,text,Number of standard drinks:,,,,,,,[tlfb14_substance_13(0)]=1,y,,,,,
tlfb14_other_13,tlfb14,,text,What drug(s)?,,,,,,,[tlfb14_substance_13(12)]=1,y,,,,,
tlfb14_more_2,tlfb14,,yesno,(For RA - Do not ask) Do you need to collect another day of history?,,,,,,,[tlfb14_more]=1,y,,,,,
tlfb14_substance_14,tlfb14,Fourteen days ago:,checkbox,Which illicit substances or alcohol had been used on this day? ,"0, Alcohol | 1, Cannabis/Marijuana | 2, Cocaine | 3, Crack | 4, Amphetamine-type stimulants | 5, Opioid analgesics, including methadone | 6, Heroin or fentanyl | 7, Psychedelics/Hallucinogens | 8, Ketamine | 9, Sedatives and hypnotics, excluding Benzodiazepine | 10, Benzodiazepines | 11, Inhalants | 12, Other Drugs | 13, None",,,,,,[tlfb14_more_2]=1,y,,,,,
tlfb14_drinks_14,tlfb14,,text,Number of standard drinks:,,,,,,,[tlfb14_substance_14(0)]=1,y,,,,,
tlfb14_other_14,tlfb14,,text,What drug(s)?,,,,,,,[tlfb14_substance_14(12)]=1,y,,,,,
tlfb14_more_3,tlfb14,,yesno,(For RA - Do not ask) Do you need to collect another day of history?,,,,,,,[tlfb14_more_2]=1,y,,,,,
tlfb14_substance_15,tlfb14,Fifteen days ago:,checkbox,Which illicit substances or alcohol had been used on this day? ,"0, Alcohol | 1, Cannabis/Marijuana | 2, Cocaine | 3, Crack | 4, Amphetamine-type stimulants | 5, Opioid analgesics, including methadone | 6, Heroin or fentanyl | 7, Psychedelics/Hallucinogens | 8, Ketamine | 9, Sedatives and hypnotics, excluding Benzodiazepine | 10, Benzodiazepines | 11, Inhalants | 12, Other Drugs | 13, None",,,,,,[tlfb14_more_3]=1,y,,,,,
tlfb14_drinks_15,tlfb14,,text,Number of standard drinks:,,,,,,,[tlfb14_substance_15(0)]=1,y,,,,,
tlfb14_other_15,tlfb14,,text,What drug(s)?,,,,,,,[tlfb14_substance_15(12)]=1,y,,,,,
tlfb14_more_4,tlfb14,,yesno,(For RA - Do not ask) Do you need to collect another day of history?,,,,,,,[tlfb14_more_3]=1,y,,,,,
tlfb14_substance_16,tlfb14,Sixteen days ago:,checkbox,Which illicit substances or alcohol had been used on this day? ,"0, Alcohol | 1, Cannabis/Marijuana | 2, Cocaine | 3, Crack | 4, Amphetamine-type stimulants | 5, Opioid analgesics, including methadone | 6, Heroin or fentanyl | 7, Psychedelics/Hallucinogens | 8, Ketamine | 9, Sedatives and hypnotics, excluding Benzodiazepine | 10, Benzodiazepines | 11, Inhalants | 12, Other Drugs | 13, None",,,,,,[tlfb14_more_4]=1,y,,,,,
tlfb14_drinks_16,tlfb14,,text,Number of standard drinks:,,,,,,,[tlfb14_substance_16(0)]=1,y,,,,,
tlfb14_other_16,tlfb14,,text,What drug(s)?,,,,,,,[tlfb14_substance_16(12)]=1,y,,,,,
urine_toxicology,urine_toxicology,,checkbox,Tested positive for:,"1, amphetamines | 2, benzodiazepines | 3, cocaine | 4, cannabinoids | 5, fentanyl | 6, methadone | 7, opiates | 8, oxycodone | 9, none of these",,,,,,,y,,,,," @HIDECHOICE='4,6'"
urine_ket_yn,urine_toxicology,Ketamine Toxicology,yesno,Was a urine sample for ketamine resulted?,,,,,,,,y,,,,,
urine_ket_result,urine_toxicology,,radio,Was the urine positive or negative for ketamine?,"1, Positive | 0, Negative","NOTE: If positive, this needs to be discussed amongst the study team.",,,,,[urine_ket_yn]=1,y,,,,,
aanas_4,alcoholic_anonymous_affiliation_scale_aaas,,yesno,Have you ever considered yourself a member of AA or NA?,,,,,,,,y,,,,,
aanas_5,alcoholic_anonymous_affiliation_scale_aaas,,yesno,Have you ever called an AA or NA member for help?,,,,,,,,y,,,,,
aanas_6,alcoholic_anonymous_affiliation_scale_aaas,,yesno,Do you now have an AA or NA sponsor?,,,,,,,,y,,,,,
aanas_7,alcoholic_anonymous_affiliation_scale_aaas,,yesno,Have you ever sponsored anyone in AA or NA?,,,,,,,,y,,,,,
aanas_8,alcoholic_anonymous_affiliation_scale_aaas,,yesno,Have you had a spiritual awakening or conversion experience through your involvement with AA or NA?,,,,,,,,y,,,,,
aanas_9,alcoholic_anonymous_affiliation_scale_aaas,,yesno,"In the past (12 months/month), have you read AA or NA literature?",,,,,,,,y,,,,,
aanas_10,alcoholic_anonymous_affiliation_scale_aaas,,yesno,"In the past (12 months/month), have you done service, helped newcomers, or set up chairs, made coffee, cleaned up after a meeting, etc?",,,,,,,,y,,,,,
aanas_1,alcoholic_anonymous_affiliation_scale_aaas,,radio,How many AA or NA meetings would you estimate that you've gone to during (your lifetime/the past month)?,"0, 0 | .25, 1 to 30 | .5, 31 to 90 | .75, 91 to 500 | 1, More than 500",,,,,,,y,,,,,
aanas_2,alcoholic_anonymous_affiliation_scale_aaas,,radio,How many AA or NA meetings have you gone to in the last 12 months?,"0, 0 | .25, 1 to 30 | .5, 31 to 90 | .75, 91 to 500 | 1, More than 500",,,,,,,y,,,,,
aanas_total,alcoholic_anonymous_affiliation_scale_aaas,,calc,Total Score,"sum([aanas_1],[aanas_2],[aanas_4],[aanas_5],[aanas_6],[aanas_7],[aanas_8],[aanas_9],[aanas_10])",,,,,,,,,,,, @READONLY @HIDDEN-SURVEY
brief_1,brief_cope,The following questions as how you have sought to cope with hardship in your life. Read the statements and indicated how much you have been using each coping style. ,radio,I've been turning to work or other activities to take my mind off things.,"1, I haven't been doing this at all | 2, A little bit | 3, A medium amount | 4, I've been doing this a lot",,,,,,,y,,,brief_cope,,
brief_2,brief_cope,,radio,I've been concentrating my efforts on doing something about the situation I'm in.,"1, I haven't been doing this at all | 2, A little bit | 3, A medium amount | 4, I've been doing this a lot",,,,,,,y,,,brief_cope,,
brief_3,brief_cope,,radio,"I've been saying to myself ""this isn't real"".","1, I haven't been doing this at all | 2, A little bit | 3, A medium amount | 4, I've been doing this a lot",,,,,,,y,,,brief_cope,,
brief_4,brief_cope,,radio,I've been using alcohol or other drugs to make myself feel better,"1, I haven't been doing this at all | 2, A little bit | 3, A medium amount | 4, I've been doing this a lot",,,,,,,y,,,brief_cope,,
brief_5,brief_cope,,radio,I've been getting emotional support from others.,"1, I haven't been doing this at all | 2, A little bit | 3, A medium amount | 4, I've been doing this a lot",,,,,,,y,,,brief_cope,,
brief_6,brief_cope,,radio,I've been giving up trying to deal with it.,"1, I haven't been doing this at all | 2, A little bit | 3, A medium amount | 4, I've been doing this a lot",,,,,,,y,,,brief_cope,,
brief_7,brief_cope,,radio,I've been taking action to try to make the situation better.,"1, I haven't been doing this at all | 2, A little bit | 3, A medium amount | 4, I've been doing this a lot",,,,,,,y,,,brief_cope,,
brief_8,brief_cope,,radio,I've been refusing to believe that it has happened.,"1, I haven't been doing this at all | 2, A little bit | 3, A medium amount | 4, I've been doing this a lot",,,,,,,y,,,brief_cope,,
brief_9,brief_cope,,radio,I've been saying things to let my unpleasant feelings escape.,"1, I haven't been doing this at all | 2, A little bit | 3, A medium amount | 4, I've been doing this a lot",,,,,,,y,,,brief_cope,,
brief_10,brief_cope,,radio,I've been getting help and advice from other people.,"1, I haven't been doing this at all | 2, A little bit | 3, A medium amount | 4, I've been doing this a lot",,,,,,,y,,,brief_cope,,
brief_11,brief_cope,,radio,I've been using alcohol or other drugs to help me get through it.,"1, I haven't been doing this at all | 2, A little bit | 3, A medium amount | 4, I've been doing this a lot",,,,,,,y,,,brief_cope,,
brief_12,brief_cope,,radio,"I've been trying to see it in a different light, to make it seem more positive.","1, I haven't been doing this at all | 2, A little bit | 3, A medium amount | 4, I've been doing this a lot",,,,,,,y,,,brief_cope,,
brief_13,brief_cope,,radio,I've been criticizing myself.,"1, I haven't been doing this at all | 2, A little bit | 3, A medium amount | 4, I've been doing this a lot",,,,,,,y,,,brief_cope,,
brief_14,brief_cope,,radio,I've been trying to come up with a strategy about what to do.,"1, I haven't been doing this at all | 2, A little bit | 3, A medium amount | 4, I've been doing this a lot",,,,,,,y,,,brief_cope,,
brief_15,brief_cope,,radio,I've been getting comfort and understanding from someone.,"1, I haven't been doing this at all | 2, A little bit | 3, A medium amount | 4, I've been doing this a lot",,,,,,,y,,,brief_cope,,
brief_16,brief_cope,,radio,I've been giving up the attempt to cope.,"1, I haven't been doing this at all | 2, A little bit | 3, A medium amount | 4, I've been doing this a lot",,,,,,,y,,,brief_cope,,
brief_17,brief_cope,,radio,I've been looking for something good in what is happening.,"1, I haven't been doing this at all | 2, A little bit | 3, A medium amount | 4, I've been doing this a lot",,,,,,,y,,,brief_cope,,
brief_18,brief_cope,,radio,I've been making jokes about it.,"1, I haven't been doing this at all | 2, A little bit | 3, A medium amount | 4, I've been doing this a lot",,,,,,,y,,,brief_cope,,
brief_19,brief_cope,,radio,"I've been doing something to think about it less, such as going to movies, watching TV, reading, daydreaming, sleeping, or shopping.","1, I haven't been doing this at all | 2, A little bit | 3, A medium amount | 4, I've been doing this a lot",,,,,,,y,,,brief_cope,,
brief_20,brief_cope,,radio,I've been accepting the reality of the fact that it has happened.,"1, I haven't been doing this at all | 2, A little bit | 3, A medium amount | 4, I've been doing this a lot",,,,,,,y,,,brief_cope,,
brief_21,brief_cope,,radio,I've been expressing my negative feelings.,"1, I haven't been doing this at all | 2, A little bit | 3, A medium amount | 4, I've been doing this a lot",,,,,,,y,,,brief_cope,,
brief_22,brief_cope,,radio,I've been trying to find comfort in my religion or spiritual beliefs.,"1, I haven't been doing this at all | 2, A little bit | 3, A medium amount | 4, I've been doing this a lot",,,,,,,y,,,brief_cope,,
brief_23,brief_cope,,radio,I've been trying to get advice or help from other people about what to do.,"1, I haven't been doing this at all | 2, A little bit | 3, A medium amount | 4, I've been doing this a lot",,,,,,,y,,,brief_cope,,
brief_24,brief_cope,,radio,I've been learning to live with it.,"1, I haven't been doing this at all | 2, A little bit | 3, A medium amount | 4, I've been doing this a lot",,,,,,,y,,,brief_cope,,
brief_25,brief_cope,,radio,I've been thinking hard about what steps to take.,"1, I haven't been doing this at all | 2, A little bit | 3, A medium amount | 4, I've been doing this a lot",,,,,,,y,,,brief_cope,,
brief_26,brief_cope,,radio,I've been blaming myself for things that happened.,"1, I haven't been doing this at all | 2, A little bit | 3, A medium amount | 4, I've been doing this a lot",,,,,,,y,,,brief_cope,,
brief_27,brief_cope,,radio,I've been praying or meditating.,"1, I haven't been doing this at all | 2, A little bit | 3, A medium amount | 4, I've been doing this a lot",,,,,,,y,,,brief_cope,,
brief_28,brief_cope,,radio,I've been making fun of the situation.,"1, I haven't been doing this at all | 2, A little bit | 3, A medium amount | 4, I've been doing this a lot",,,,,,,y,,,brief_cope,,
brief_pfcope,brief_cope,,calc,Problem-Focused Coping Score,"mean([brief_2],[brief_7],[brief_10],[brief_12],[brief_14],[brief_17],[brief_23],[brief_25])",,,,,,,,,,,, @READONLY @HIDDEN-SURVEY
brief_efcope,brief_cope,,calc,Emotion-Focused Coping Score,"mean([brief_5],[brief_9],[brief_13],[brief_15],[brief_18],[brief_20],[brief_21],[brief_22],[brief_24],[brief_26],[brief_27],[brief_28])",,,,,,,,,,,, @READONLY @HIDDEN-SURVEY
brief_acope,brief_cope,,calc,Avoidant Coping Score,"mean([brief_1],[brief_3],[brief_4],[brief_6],[brief_8],[brief_11],[brief_16],[brief_19])",,,,,,,,,,,, @READONLY @HIDDEN-SURVEY
moud_in_tx,moud_treatment_retention,,radio,Are you currently taking methadone or buprenorphine for the treatment of opioid use disorder? ,"1, Yes | 2, No",,,,,,,y,,,,,
moud_which_tx,moud_treatment_retention,,radio,What are you taking?,"1, Methadone | 2, Buprenorphine",,,,,,[moud_in_tx]=1,y,,,,,
moud_ketamine,moud_treatment_retention,,yesno,"Have you used any ketamine since your last visit, whether for treatment or recreational purposes?",,,,,,,,y,,,,,
moud_ketamine_times,moud_treatment_retention,,text,"If yes, how many times?",,,,,,,[moud_ketamine]=1,y,,,,,
moud_ket_when,moud_treatment_retention,,text,"If yes, when did you last use ketamine?",,,date_mdy,,,,[moud_ketamine]=1,y,,,,,
study_reason,final_status_form,,radio,Primary reason for terminating participation in the study:,"1, Completed study per protocol | 2, Subject was determined to be ineligible | 3, Subject withdrew consent | 4, Investigator withdrew subject | 5, Death | 6, Lost to follow-up | 7, AE/SAE | 8, Other",,,,,,,y,,,,,
sae_occur,aesae,,yesno,Did an adverse event occur at this timepoint?,,,,,,,,y,,,,,
sae_serious,aesae,,radio,Serious or Non-serious,"1, Serious | 2, Non-serious","Examples of SAEs include death, new life-threatening injury or illness, etc.",,,,,[sae_occur]=1,y,,,,,
sae_severity,aesae,,radio,Severity,"1, Severe | 2, Not severe","Per protocol, SBP >180 mmHg, DBP >110 mmHg, or tachycardia >130 bpm are considered severe. AEs may be severe for other reasons as determined by the PI/Co-I's.",,,,,[sae_occur]=1,y,,,,,
saw_expect,aesae,,radio,"Expectedness
","1, Expected | 2, Unexpected",,,,,,[sae_occur]=1,y,,,,,
sae_related,aesae,,radio,"Relatedness
","1, Related | 2, Possibly Related | 3, Unrelated",,,,,,[sae_occur]=1,y,,,,,
sae_outcome,aesae,,radio,Outcome,"1, Resolved | 2, Ongoing | 3, Resolved with sequelae",Resolved with sequelae = patient has recovered but is experiencing lasting effects.,,,,,[sae_occur]=1,y,,,,,
sae_serious_floating,aesae_floating,,radio,Serious or Non-serious,"1, Serious | 2, Non-serious","Examples of SAEs include death, new life-threatening injury or illness, etc.",,,,,,y,,,,,
sae_severity_floating,aesae_floating,,radio,Severity,"1, Severe | 2, Not severe","Per protocol, SBP >180 mmHg, DBP >110 mmHg, or tachycardia >130 bpm are considered severe. AEs may be severe for other reasons as determined by the PI/Co-I's.",,,,,,y,,,,,
saw_expect_floating,aesae_floating,,radio,"Expectedness
","1, Expected | 2, Unexpected",,,,,,,y,,,,,
sae_related_floating,aesae_floating,,radio,"Relatedness
","1, Related | 2, Possibly Related | 3, Unrelated",,,,,,,y,,,,,
sae_outcome_floating,aesae_floating,,radio,Outcome,"1, Resolved | 2, Ongoing | 3, Resolved with sequelae",Resolved with sequelae = patient has recovered but is experiencing lasting effects.,,,,,,y,,,,,
